Month,AccountCode,AccountName,BudgetAmount
2024-01-01,4010,Litigation Fees,20613.41
2024-01-01,4020,Corporate & Transactional Fees,16965.32
2024-01-01,4030,Family Law Fees,12716.95
2024-01-01,6010,Attorney & Staff Payroll,25406.36
2024-01-01,6020,Payroll Taxes & Benefits,3596.07
2024-01-01,6030,Office Rent,4132.78
2024-01-01,6040,Marketing & Business Development,1962.06
2024-01-01,6050,Professional Insurance,906.13
2024-01-01,6060,Software & IT,1281.2
2024-01-01,7000,Depreciation Expense,672.6
2024-01-01,6070,Shared Services Allocation (Intercompany),3224.0
2024-02-01,4010,Litigation Fees,24365.46
2024-02-01,4020,Corporate & Transactional Fees,19154.88
2024-02-01,4030,Family Law Fees,14270.17
2024-02-01,6010,Attorney & Staff Payroll,26158.06
2024-02-01,6020,Payroll Taxes & Benefits,3610.16
2024-02-01,6030,Office Rent,4255.58
2024-02-01,6040,Marketing & Business Development,1859.52
2024-02-01,6050,Professional Insurance,907.24
2024-02-01,6060,Software & IT,1270.76
2024-02-01,7000,Depreciation Expense,678.71
2024-02-01,6070,Shared Services Allocation (Intercompany),3256.24
2024-03-01,4010,Litigation Fees,23069.26
2024-03-01,4020,Corporate & Transactional Fees,19607.66
2024-03-01,4030,Family Law Fees,14150.32
2024-03-01,6010,Attorney & Staff Payroll,25310.5
2024-03-01,6020,Payroll Taxes & Benefits,3554.86
2024-03-01,6030,Office Rent,4279.87
2024-03-01,6040,Marketing & Business Development,2131.67
2024-03-01,6050,Professional Insurance,896.2
2024-03-01,6060,Software & IT,1270.07
2024-03-01,7000,Depreciation Expense,678.77
2024-03-01,6070,Shared Services Allocation (Intercompany),3288.48
2024-04-01,4010,Litigation Fees,26075.15
2024-04-01,4020,Corporate & Transactional Fees,20985.78
2024-04-01,4030,Family Law Fees,15506.68
2024-04-01,6010,Attorney & Staff Payroll,25971.9
2024-04-01,6020,Payroll Taxes & Benefits,3579.9
2024-04-01,6030,Office Rent,4352.69
2024-04-01,6040,Marketing & Business Development,2359.11
2024-04-01,6050,Professional Insurance,910.93
2024-04-01,6060,Software & IT,1315.25
2024-04-01,7000,Depreciation Expense,669.94
2024-04-01,6070,Shared Services Allocation (Intercompany),3320.72
2024-05-01,4010,Litigation Fees,24190.22
2024-05-01,4020,Corporate & Transactional Fees,18318.11
2024-05-01,4030,Family Law Fees,13862.95
2024-05-01,6010,Attorney & Staff Payroll,26681.59
2024-05-01,6020,Payroll Taxes & Benefits,3660.42
2024-05-01,6030,Office Rent,4370.06
2024-05-01,6040,Marketing & Business Development,2141.74
2024-05-01,6050,Professional Insurance,883.57
2024-05-01,6060,Software & IT,1318.6
2024-05-01,7000,Depreciation Expense,686.61
2024-05-01,6070,Shared Services Allocation (Intercompany),3352.96
2024-06-01,4010,Litigation Fees,24791.82
2024-06-01,4020,Corporate & Transactional Fees,18564.44
2024-06-01,4030,Family Law Fees,14667.65
2024-06-01,6010,Attorney & Staff Payroll,26205.0
2024-06-01,6020,Payroll Taxes & Benefits,3847.64
2024-06-01,6030,Office Rent,4379.48
2024-06-01,6040,Marketing & Business Development,2161.21
2024-06-01,6050,Professional Insurance,914.33
2024-06-01,6060,Software & IT,1414.77
2024-06-01,7000,Depreciation Expense,672.9
2024-06-01,6070,Shared Services Allocation (Intercompany),3385.2
2024-07-01,4010,Litigation Fees,24628.96
2024-07-01,4020,Corporate & Transactional Fees,17690.43
2024-07-01,4030,Family Law Fees,13552.88
2024-07-01,6010,Attorney & Staff Payroll,27352.72
2024-07-01,6020,Payroll Taxes & Benefits,3745.44
2024-07-01,6030,Office Rent,4276.45
2024-07-01,6040,Marketing & Business Development,2071.44
2024-07-01,6050,Professional Insurance,889.87
2024-07-01,6060,Software & IT,1393.16
2024-07-01,7000,Depreciation Expense,685.26
2024-07-01,6070,Shared Services Allocation (Intercompany),3417.44
2024-08-01,4010,Litigation Fees,28145.58
2024-08-01,4020,Corporate & Transactional Fees,21911.31
2024-08-01,4030,Family Law Fees,17228.43
2024-08-01,6010,Attorney & Staff Payroll,26739.4
2024-08-01,6020,Payroll Taxes & Benefits,3899.62
2024-08-01,6030,Office Rent,4328.54
2024-08-01,6040,Marketing & Business Development,2254.87
2024-08-01,6050,Professional Insurance,914.78
2024-08-01,6060,Software & IT,1342.19
2024-08-01,7000,Depreciation Expense,671.51
2024-08-01,6070,Shared Services Allocation (Intercompany),3449.68
2024-09-01,4010,Litigation Fees,28406.99
2024-09-01,4020,Corporate & Transactional Fees,22974.94
2024-09-01,4030,Family Law Fees,16972.32
2024-09-01,6010,Attorney & Staff Payroll,27202.04
2024-09-01,6020,Payroll Taxes & Benefits,3843.54
2024-09-01,6030,Office Rent,4454.62
2024-09-01,6040,Marketing & Business Development,2373.83
2024-09-01,6050,Professional Insurance,911.97
2024-09-01,6060,Software & IT,1462.26
2024-09-01,7000,Depreciation Expense,674.09
2024-09-01,6070,Shared Services Allocation (Intercompany),3481.92
2024-10-01,4010,Litigation Fees,25482.34
2024-10-01,4020,Corporate & Transactional Fees,19316.71
2024-10-01,4030,Family Law Fees,14401.3
2024-10-01,6010,Attorney & Staff Payroll,27640.91
2024-10-01,6020,Payroll Taxes & Benefits,3829.52
2024-10-01,6030,Office Rent,4351.64
2024-10-01,6040,Marketing & Business Development,1785.69
2024-10-01,6050,Professional Insurance,912.1
2024-10-01,6060,Software & IT,1485.44
2024-10-01,7000,Depreciation Expense,675.97
2024-10-01,6070,Shared Services Allocation (Intercompany),3514.16
2024-11-01,4010,Litigation Fees,28444.36
2024-11-01,4020,Corporate & Transactional Fees,21662.33
2024-11-01,4030,Family Law Fees,15911.19
2024-11-01,6010,Attorney & Staff Payroll,28086.33
2024-11-01,6020,Payroll Taxes & Benefits,3928.85
2024-11-01,6030,Office Rent,4488.42
2024-11-01,6040,Marketing & Business Development,2248.52
2024-11-01,6050,Professional Insurance,891.82
2024-11-01,6060,Software & IT,1404.89
2024-11-01,7000,Depreciation Expense,679.5
2024-11-01,6070,Shared Services Allocation (Intercompany),3546.4
2024-12-01,4010,Litigation Fees,27155.28
2024-12-01,4020,Corporate & Transactional Fees,22406.37
2024-12-01,4030,Family Law Fees,16861.65
2024-12-01,6010,Attorney & Staff Payroll,28235.38
2024-12-01,6020,Payroll Taxes & Benefits,3947.81
2024-12-01,6030,Office Rent,4363.27
2024-12-01,6040,Marketing & Business Development,1904.04
2024-12-01,6050,Professional Insurance,898.11
2024-12-01,6060,Software & IT,1495.76
2024-12-01,7000,Depreciation Expense,670.35
2024-12-01,6070,Shared Services Allocation (Intercompany),3578.64
2025-01-01,4010,Litigation Fees,29778.33
2025-01-01,4020,Corporate & Transactional Fees,23648.92
2025-01-01,4030,Family Law Fees,17532.3
2025-01-01,6010,Attorney & Staff Payroll,29004.68
2025-01-01,6020,Payroll Taxes & Benefits,4131.77
2025-01-01,6030,Office Rent,4512.52
2025-01-01,6040,Marketing & Business Development,2158.17
2025-01-01,6050,Professional Insurance,890.34
2025-01-01,6060,Software & IT,1421.38
2025-01-01,7000,Depreciation Expense,685.76
2025-01-01,6070,Shared Services Allocation (Intercompany),3610.88
2025-02-01,4010,Litigation Fees,25351.31
2025-02-01,4020,Corporate & Transactional Fees,20659.19
2025-02-01,4030,Family Law Fees,16302.3
2025-02-01,6010,Attorney & Staff Payroll,29904.81
2025-02-01,6020,Payroll Taxes & Benefits,4076.74
2025-02-01,6030,Office Rent,4534.49
2025-02-01,6040,Marketing & Business Development,1978.64
2025-02-01,6050,Professional Insurance,902.71
2025-02-01,6060,Software & IT,1430.14
2025-02-01,7000,Depreciation Expense,674.35
2025-02-01,6070,Shared Services Allocation (Intercompany),3643.12
2025-03-01,4010,Litigation Fees,25083.8
2025-03-01,4020,Corporate & Transactional Fees,19577.36
2025-03-01,4030,Family Law Fees,15658.93
2025-03-01,6010,Attorney & Staff Payroll,29319.37
2025-03-01,6020,Payroll Taxes & Benefits,4167.1
2025-03-01,6030,Office Rent,4561.87
2025-03-01,6040,Marketing & Business Development,1982.01
2025-03-01,6050,Professional Insurance,908.14
2025-03-01,6060,Software & IT,1551.01
2025-03-01,7000,Depreciation Expense,673.8
2025-03-01,6070,Shared Services Allocation (Intercompany),3675.36
2025-04-01,4010,Litigation Fees,26264.86
2025-04-01,4020,Corporate & Transactional Fees,20796.1
2025-04-01,4030,Family Law Fees,15366.78
2025-04-01,6010,Attorney & Staff Payroll,30571.28
2025-04-01,6020,Payroll Taxes & Benefits,4237.73
2025-04-01,6030,Office Rent,4504.5
2025-04-01,6040,Marketing & Business Development,1790.76
2025-04-01,6050,Professional Insurance,894.35
2025-04-01,6060,Software & IT,1498.19
2025-04-01,7000,Depreciation Expense,677.67
2025-04-01,6070,Shared Services Allocation (Intercompany),3707.6
2025-05-01,4010,Litigation Fees,26196.7
2025-05-01,4020,Corporate & Transactional Fees,22397.37
2025-05-01,4030,Family Law Fees,15849.25
2025-05-01,6010,Attorney & Staff Payroll,30600.36
2025-05-01,6020,Payroll Taxes & Benefits,4187.01
2025-05-01,6030,Office Rent,4622.55
2025-05-01,6040,Marketing & Business Development,2068.77
2025-05-01,6050,Professional Insurance,890.95
2025-05-01,6060,Software & IT,1436.34
2025-05-01,7000,Depreciation Expense,694.22
2025-05-01,6070,Shared Services Allocation (Intercompany),3739.84
2025-06-01,4010,Litigation Fees,29542.6
2025-06-01,4020,Corporate & Transactional Fees,21880.89
2025-06-01,4030,Family Law Fees,16631.01
2025-06-01,6010,Attorney & Staff Payroll,30796.33
2025-06-01,6020,Payroll Taxes & Benefits,4365.48
2025-06-01,6030,Office Rent,4578.87
2025-06-01,6040,Marketing & Business Development,1888.02
2025-06-01,6050,Professional Insurance,884.63
2025-06-01,6060,Software & IT,1476.74
2025-06-01,7000,Depreciation Expense,674.57
2025-06-01,6070,Shared Services Allocation (Intercompany),3772.08
