DateID,Year,Month,MonthName,Quarter,FiscalPeriod,IsMonthEnd
2024-01-01,2024,1,January,1,FY2024-P01,0
2024-01-09,2024,1,January,1,FY2024-P01,0
2024-01-12,2024,1,January,1,FY2024-P01,0
2024-01-15,2024,1,January,1,FY2024-P01,0
2024-01-18,2024,1,January,1,FY2024-P01,0
2024-01-22,2024,1,January,1,FY2024-P01,0
2024-01-24,2024,1,January,1,FY2024-P01,0
2024-01-29,2024,1,January,1,FY2024-P01,0
2024-01-31,2024,1,January,1,FY2024-P01,1
2024-02-01,2024,2,February,1,FY2024-P02,0
2024-02-05,2024,2,February,1,FY2024-P02,0
2024-02-09,2024,2,February,1,FY2024-P02,0
2024-02-12,2024,2,February,1,FY2024-P02,0
2024-02-15,2024,2,February,1,FY2024-P02,0
2024-02-19,2024,2,February,1,FY2024-P02,0
2024-02-20,2024,2,February,1,FY2024-P02,0
2024-02-26,2024,2,February,1,FY2024-P02,0
2024-02-28,2024,2,February,1,FY2024-P02,0
2024-02-29,2024,2,February,1,FY2024-P02,1
2024-03-01,2024,3,March,1,FY2024-P03,0
2024-03-05,2024,3,March,1,FY2024-P03,0
2024-03-11,2024,3,March,1,FY2024-P03,0
2024-03-12,2024,3,March,1,FY2024-P03,0
2024-03-15,2024,3,March,1,FY2024-P03,0
2024-03-18,2024,3,March,1,FY2024-P03,0
2024-03-20,2024,3,March,1,FY2024-P03,0
2024-03-25,2024,3,March,1,FY2024-P03,0
2024-03-28,2024,3,March,1,FY2024-P03,0
2024-03-31,2024,3,March,1,FY2024-P03,1
2024-04-01,2024,4,April,2,FY2024-P04,0
2024-04-05,2024,4,April,2,FY2024-P04,0
2024-04-09,2024,4,April,2,FY2024-P04,0
2024-04-12,2024,4,April,2,FY2024-P04,0
2024-04-15,2024,4,April,2,FY2024-P04,0
2024-04-18,2024,4,April,2,FY2024-P04,0
2024-04-22,2024,4,April,2,FY2024-P04,0
2024-04-24,2024,4,April,2,FY2024-P04,0
2024-04-25,2024,4,April,2,FY2024-P04,0
2024-04-29,2024,4,April,2,FY2024-P04,0
2024-04-30,2024,4,April,2,FY2024-P04,1
2024-05-01,2024,5,May,2,FY2024-P05,0
2024-05-06,2024,5,May,2,FY2024-P05,0
2024-05-09,2024,5,May,2,FY2024-P05,0
2024-05-13,2024,5,May,2,FY2024-P05,0
2024-05-15,2024,5,May,2,FY2024-P05,0
2024-05-20,2024,5,May,2,FY2024-P05,0
2024-05-24,2024,5,May,2,FY2024-P05,0
2024-05-27,2024,5,May,2,FY2024-P05,0
2024-05-28,2024,5,May,2,FY2024-P05,0
2024-05-31,2024,5,May,2,FY2024-P05,1
2024-06-01,2024,6,June,2,FY2024-P06,0
2024-06-03,2024,6,June,2,FY2024-P06,0
2024-06-05,2024,6,June,2,FY2024-P06,0
2024-06-10,2024,6,June,2,FY2024-P06,0
2024-06-12,2024,6,June,2,FY2024-P06,0
2024-06-17,2024,6,June,2,FY2024-P06,0
2024-06-18,2024,6,June,2,FY2024-P06,0
2024-06-20,2024,6,June,2,FY2024-P06,0
2024-06-24,2024,6,June,2,FY2024-P06,0
2024-06-25,2024,6,June,2,FY2024-P06,0
2024-06-28,2024,6,June,2,FY2024-P06,0
2024-06-30,2024,6,June,2,FY2024-P06,1
2024-07-01,2024,7,July,3,FY2024-P07,0
2024-07-05,2024,7,July,3,FY2024-P07,0
2024-07-09,2024,7,July,3,FY2024-P07,0
2024-07-12,2024,7,July,3,FY2024-P07,0
2024-07-15,2024,7,July,3,FY2024-P07,0
2024-07-18,2024,7,July,3,FY2024-P07,0
2024-07-22,2024,7,July,3,FY2024-P07,0
2024-07-24,2024,7,July,3,FY2024-P07,0
2024-07-25,2024,7,July,3,FY2024-P07,0
2024-07-29,2024,7,July,3,FY2024-P07,0
2024-07-31,2024,7,July,3,FY2024-P07,1
2024-08-01,2024,8,August,3,FY2024-P08,0
2024-08-05,2024,8,August,3,FY2024-P08,0
2024-08-09,2024,8,August,3,FY2024-P08,0
2024-08-12,2024,8,August,3,FY2024-P08,0
2024-08-15,2024,8,August,3,FY2024-P08,0
2024-08-19,2024,8,August,3,FY2024-P08,0
2024-08-20,2024,8,August,3,FY2024-P08,0
2024-08-26,2024,8,August,3,FY2024-P08,0
2024-08-28,2024,8,August,3,FY2024-P08,0
2024-08-31,2024,8,August,3,FY2024-P08,1
2024-09-01,2024,9,September,3,FY2024-P09,0
2024-09-02,2024,9,September,3,FY2024-P09,0
2024-09-05,2024,9,September,3,FY2024-P09,0
2024-09-09,2024,9,September,3,FY2024-P09,0
2024-09-12,2024,9,September,3,FY2024-P09,0
2024-09-16,2024,9,September,3,FY2024-P09,0
2024-09-18,2024,9,September,3,FY2024-P09,0
2024-09-20,2024,9,September,3,FY2024-P09,0
2024-09-24,2024,9,September,3,FY2024-P09,0
2024-09-25,2024,9,September,3,FY2024-P09,0
2024-09-30,2024,9,September,3,FY2024-P09,1
2024-10-01,2024,10,October,4,FY2024-P10,0
2024-10-07,2024,10,October,4,FY2024-P10,0
2024-10-09,2024,10,October,4,FY2024-P10,0
2024-10-14,2024,10,October,4,FY2024-P10,0
2024-10-15,2024,10,October,4,FY2024-P10,0
2024-10-18,2024,10,October,4,FY2024-P10,0
2024-10-21,2024,10,October,4,FY2024-P10,0
2024-10-24,2024,10,October,4,FY2024-P10,0
2024-10-25,2024,10,October,4,FY2024-P10,0
2024-10-28,2024,10,October,4,FY2024-P10,0
2024-10-31,2024,10,October,4,FY2024-P10,1
2024-11-01,2024,11,November,4,FY2024-P11,0
2024-11-05,2024,11,November,4,FY2024-P11,0
2024-11-11,2024,11,November,4,FY2024-P11,0
2024-11-12,2024,11,November,4,FY2024-P11,0
2024-11-15,2024,11,November,4,FY2024-P11,0
2024-11-18,2024,11,November,4,FY2024-P11,0
2024-11-20,2024,11,November,4,FY2024-P11,0
2024-11-25,2024,11,November,4,FY2024-P11,0
2024-11-28,2024,11,November,4,FY2024-P11,0
2024-11-30,2024,11,November,4,FY2024-P11,1
2024-12-01,2024,12,December,4,FY2024-P12,0
2024-12-02,2024,12,December,4,FY2024-P12,0
2024-12-05,2024,12,December,4,FY2024-P12,0
2024-12-09,2024,12,December,4,FY2024-P12,0
2024-12-12,2024,12,December,4,FY2024-P12,0
2024-12-16,2024,12,December,4,FY2024-P12,0
2024-12-18,2024,12,December,4,FY2024-P12,0
2024-12-20,2024,12,December,4,FY2024-P12,0
2024-12-24,2024,12,December,4,FY2024-P12,0
2024-12-25,2024,12,December,4,FY2024-P12,0
2024-12-30,2024,12,December,4,FY2024-P12,0
2024-12-31,2024,12,December,4,FY2024-P12,1
2025-01-01,2025,1,January,1,FY2025-P01,0
2025-01-06,2025,1,January,1,FY2025-P01,0
2025-01-09,2025,1,January,1,FY2025-P01,0
2025-01-13,2025,1,January,1,FY2025-P01,0
2025-01-15,2025,1,January,1,FY2025-P01,0
2025-01-20,2025,1,January,1,FY2025-P01,0
2025-01-24,2025,1,January,1,FY2025-P01,0
2025-01-27,2025,1,January,1,FY2025-P01,0
2025-01-28,2025,1,January,1,FY2025-P01,0
2025-01-31,2025,1,January,1,FY2025-P01,1
2025-02-01,2025,2,February,1,FY2025-P02,0
2025-02-03,2025,2,February,1,FY2025-P02,0
2025-02-05,2025,2,February,1,FY2025-P02,0
2025-02-10,2025,2,February,1,FY2025-P02,0
2025-02-12,2025,2,February,1,FY2025-P02,0
2025-02-17,2025,2,February,1,FY2025-P02,0
2025-02-18,2025,2,February,1,FY2025-P02,0
2025-02-20,2025,2,February,1,FY2025-P02,0
2025-02-24,2025,2,February,1,FY2025-P02,0
2025-02-25,2025,2,February,1,FY2025-P02,0
2025-02-28,2025,2,February,1,FY2025-P02,1
2025-03-01,2025,3,March,1,FY2025-P03,0
2025-03-03,2025,3,March,1,FY2025-P03,0
2025-03-05,2025,3,March,1,FY2025-P03,0
2025-03-10,2025,3,March,1,FY2025-P03,0
2025-03-12,2025,3,March,1,FY2025-P03,0
2025-03-17,2025,3,March,1,FY2025-P03,0
2025-03-18,2025,3,March,1,FY2025-P03,0
2025-03-20,2025,3,March,1,FY2025-P03,0
2025-03-24,2025,3,March,1,FY2025-P03,0
2025-03-25,2025,3,March,1,FY2025-P03,0
2025-03-28,2025,3,March,1,FY2025-P03,0
2025-03-31,2025,3,March,1,FY2025-P03,1
2025-04-01,2025,4,April,2,FY2025-P04,0
2025-04-07,2025,4,April,2,FY2025-P04,0
2025-04-09,2025,4,April,2,FY2025-P04,0
2025-04-14,2025,4,April,2,FY2025-P04,0
2025-04-15,2025,4,April,2,FY2025-P04,0
2025-04-18,2025,4,April,2,FY2025-P04,0
2025-04-21,2025,4,April,2,FY2025-P04,0
2025-04-24,2025,4,April,2,FY2025-P04,0
2025-04-25,2025,4,April,2,FY2025-P04,0
2025-04-28,2025,4,April,2,FY2025-P04,0
2025-04-30,2025,4,April,2,FY2025-P04,1
2025-05-01,2025,5,May,2,FY2025-P05,0
2025-05-05,2025,5,May,2,FY2025-P05,0
2025-05-09,2025,5,May,2,FY2025-P05,0
2025-05-12,2025,5,May,2,FY2025-P05,0
2025-05-15,2025,5,May,2,FY2025-P05,0
2025-05-19,2025,5,May,2,FY2025-P05,0
2025-05-20,2025,5,May,2,FY2025-P05,0
2025-05-26,2025,5,May,2,FY2025-P05,0
2025-05-28,2025,5,May,2,FY2025-P05,0
2025-05-31,2025,5,May,2,FY2025-P05,1
2025-06-01,2025,6,June,2,FY2025-P06,0
2025-06-02,2025,6,June,2,FY2025-P06,0
2025-06-05,2025,6,June,2,FY2025-P06,0
2025-06-09,2025,6,June,2,FY2025-P06,0
2025-06-12,2025,6,June,2,FY2025-P06,0
2025-06-16,2025,6,June,2,FY2025-P06,0
2025-06-18,2025,6,June,2,FY2025-P06,0
2025-06-20,2025,6,June,2,FY2025-P06,0
2025-06-24,2025,6,June,2,FY2025-P06,0
2025-06-25,2025,6,June,2,FY2025-P06,0
2025-06-30,2025,6,June,2,FY2025-P06,1
