BankTxnID,EntityCode,Date,Amount,Description,Category,MatchedTxnID,MonthKey
1,MIA,2024-01-24,89893.86,MIA client fee collections - 2024-01,Matched,5,2024-01
2,MIA,2024-01-15,-6920.48,MIA direct case costs - 2024-01,Matched,9,2024-01
3,MIA,2024-01-29,-42066.0,MIA payroll run - 2024-01,Matched,13,2024-01
4,MIA,2024-01-01,-6800.0,MIA office rent - 2024-01,Matched,17,2024-01
5,MIA,2024-01-18,-2664.13,MIA marketing spend - 2024-01,Matched,19,2024-01
6,MIA,2024-01-09,-2100.0,MIA software & IT subscriptions - 2024-01,Matched,24,2024-01
7,MIA,2024-02-26,94369.0,MIA client fee collections - 2024-02,Matched,91,2024-02
8,MIA,2024-02-15,-7284.8,MIA direct case costs - 2024-02,Matched,95,2024-02
9,MIA,2024-02-28,-47244.79,MIA payroll run - 2024-02,Matched,99,2024-02
10,MIA,2024-02-01,-6834.0,MIA office rent - 2024-02,Matched,103,2024-02
11,MIA,2024-02-19,-2771.12,MIA marketing spend - 2024-02,Matched,105,2024-02
12,MIA,2024-02-09,-2121.0,MIA software & IT subscriptions - 2024-02,Matched,110,2024-02
13,MIA,2024-02-05,-3631.95,MIA AP payment run (prior month invoices) - 2024-02,Matched,114,2024-02
14,MIA,2024-02-26,3224.0,Intercompany settlement received from branch 2 - 2024-02,Matched,177,2024-02
15,MIA,2024-02-26,2860.0,Intercompany settlement received from branch 3 - 2024-02,Matched,185,2024-02
16,MIA,2024-03-25,98128.78,MIA client fee collections - 2024-03,Matched,191,2024-03
17,MIA,2024-03-15,-7441.54,MIA direct case costs - 2024-03,Matched,195,2024-03
18,MIA,2024-03-28,-47805.67,MIA payroll run - 2024-03,Matched,199,2024-03
19,MIA,2024-03-01,-6868.0,MIA office rent - 2024-03,Matched,203,2024-03
20,MIA,2024-03-18,-2797.57,MIA marketing spend - 2024-03,Matched,205,2024-03
21,MIA,2024-03-11,-2142.0,MIA software & IT subscriptions - 2024-03,Matched,210,2024-03
22,MIA,2024-03-05,-3814.84,MIA AP payment run (prior month invoices) - 2024-03,Matched,214,2024-03
23,MIA,2024-03-25,3256.24,Intercompany settlement received from branch 2 - 2024-03,Matched,277,2024-03
24,MIA,2024-03-25,2888.6,Intercompany settlement received from branch 3 - 2024-03,Matched,285,2024-03
25,MIA,2024-04-24,87675.66,MIA client fee collections - 2024-04,Matched,291,2024-04
26,MIA,2024-04-15,-6888.15,MIA direct case costs - 2024-04,Matched,295,2024-04
27,MIA,2024-04-29,-48366.56,MIA payroll run - 2024-04,Matched,299,2024-04
28,MIA,2024-04-01,-6902.0,MIA office rent - 2024-04,Matched,303,2024-04
29,MIA,2024-04-18,-2559.54,MIA marketing spend - 2024-04,Matched,305,2024-04
30,MIA,2024-04-09,-2163.0,MIA software & IT subscriptions - 2024-04,Matched,310,2024-04
31,MIA,2024-04-05,-3888.62,MIA AP payment run (prior month invoices) - 2024-04,Matched,314,2024-04
32,MIA,2024-04-25,3288.48,Intercompany settlement received from branch 2 - 2024-04,Matched,377,2024-04
33,MIA,2024-04-25,2917.2,Intercompany settlement received from branch 3 - 2024-04,Matched,385,2024-04
34,MIA,2024-05-24,85800.64,MIA client fee collections - 2024-05,Matched,391,2024-05
35,MIA,2024-05-15,-6921.05,MIA direct case costs - 2024-05,Matched,395,2024-05
36,MIA,2024-05-28,-48927.43,MIA payroll run - 2024-05,Matched,399,2024-05
37,MIA,2024-05-01,-6936.0,MIA office rent - 2024-05,Matched,403,2024-05
38,MIA,2024-05-20,-2542.31,MIA marketing spend - 2024-05,Matched,405,2024-05
39,MIA,2024-05-09,-2184.0,MIA software & IT subscriptions - 2024-05,Matched,410,2024-05
40,MIA,2024-05-06,-3591.95,MIA AP payment run (prior month invoices) - 2024-05,Matched,414,2024-05
41,MIA,2024-05-27,3320.72,Intercompany settlement received from branch 2 - 2024-05,Matched,477,2024-05
42,MIA,2024-05-27,2945.8,Intercompany settlement received from branch 3 - 2024-05,Matched,485,2024-05
43,MIA,2024-06-24,94331.5,MIA client fee collections - 2024-06,Matched,491,2024-06
44,MIA,2024-06-17,-7474.73,MIA direct case costs - 2024-06,Matched,495,2024-06
45,MIA,2024-06-28,-49488.31,MIA payroll run - 2024-06,Matched,499,2024-06
46,MIA,2024-06-03,-6970.0,MIA office rent - 2024-06,Matched,503,2024-06
47,MIA,2024-06-18,-2714.62,MIA marketing spend - 2024-06,Matched,505,2024-06
48,MIA,2024-06-10,-2205.0,MIA software & IT subscriptions - 2024-06,Matched,510,2024-06
49,MIA,2024-06-05,-3601.74,MIA AP payment run (prior month invoices) - 2024-06,Matched,514,2024-06
50,MIA,2024-06-25,3352.96,Intercompany settlement received from branch 2 - 2024-06,Matched,577,2024-06
51,MIA,2024-06-25,2974.4,Intercompany settlement received from branch 3 - 2024-06,Matched,585,2024-06
52,MIA,2024-07-24,96535.07,MIA client fee collections - 2024-07,Matched,591,2024-07
53,MIA,2024-07-15,-7287.55,MIA direct case costs - 2024-07,Matched,595,2024-07
54,MIA,2024-07-29,-50049.19,MIA payroll run - 2024-07,Matched,599,2024-07
55,MIA,2024-07-01,-7004.0,MIA office rent - 2024-07,Matched,603,2024-07
56,MIA,2024-07-18,-2617.01,MIA marketing spend - 2024-07,Matched,605,2024-07
57,MIA,2024-07-09,-2226.0,MIA software & IT subscriptions - 2024-07,Matched,610,2024-07
58,MIA,2024-07-05,-3882.11,MIA AP payment run (prior month invoices) - 2024-07,Matched,614,2024-07
59,MIA,2024-07-25,3385.2,Intercompany settlement received from branch 2 - 2024-07,Matched,677,2024-07
60,MIA,2024-07-25,3003.0,Intercompany settlement received from branch 3 - 2024-07,Matched,685,2024-07
61,MIA,2024-08-26,80920.56,MIA client fee collections - 2024-08,Matched,691,2024-08
62,MIA,2024-08-15,-6602.78,MIA direct case costs - 2024-08,Matched,695,2024-08
63,MIA,2024-08-28,-50610.07,MIA payroll run - 2024-08,Matched,699,2024-08
64,MIA,2024-08-01,-7038.0,MIA office rent - 2024-08,Matched,703,2024-08
65,MIA,2024-08-19,-2344.86,MIA marketing spend - 2024-08,Matched,705,2024-08
66,MIA,2024-08-09,-2247.0,MIA software & IT subscriptions - 2024-08,Matched,710,2024-08
67,MIA,2024-08-05,-3777.49,MIA AP payment run (prior month invoices) - 2024-08,Matched,714,2024-08
68,MIA,2024-08-26,3417.44,Intercompany settlement received from branch 2 - 2024-08,Matched,777,2024-08
69,MIA,2024-08-26,3031.6,Intercompany settlement received from branch 3 - 2024-08,Matched,785,2024-08
70,MIA,2024-09-24,93231.9,MIA client fee collections - 2024-09,Matched,791,2024-09
71,MIA,2024-09-16,-7238.74,MIA direct case costs - 2024-09,Matched,795,2024-09
72,MIA,2024-09-30,-51170.96,MIA payroll run - 2024-09,Matched,799,2024-09
73,MIA,2024-09-02,-7072.0,MIA office rent - 2024-09,Matched,803,2024-09
74,MIA,2024-09-18,-2542.56,MIA marketing spend - 2024-09,Matched,805,2024-09
75,MIA,2024-09-09,-2268.0,MIA software & IT subscriptions - 2024-09,Matched,810,2024-09
76,MIA,2024-09-05,-3415.98,MIA AP payment run (prior month invoices) - 2024-09,Matched,814,2024-09
77,MIA,2024-09-25,3449.68,Intercompany settlement received from branch 2 - 2024-09,Matched,877,2024-09
78,MIA,2024-09-25,3060.2,Intercompany settlement received from branch 3 - 2024-09,Matched,885,2024-09
79,MIA,2024-10-24,87146.06,MIA client fee collections - 2024-10,Matched,891,2024-10
80,MIA,2024-10-15,-6671.56,MIA direct case costs - 2024-10,Matched,895,2024-10
81,MIA,2024-10-28,-51731.83,MIA payroll run - 2024-10,Matched,899,2024-10
82,MIA,2024-10-01,-7106.0,MIA office rent - 2024-10,Matched,903,2024-10
83,MIA,2024-10-18,-2317.96,MIA marketing spend - 2024-10,Matched,905,2024-10
84,MIA,2024-10-09,-2289.0,MIA software & IT subscriptions - 2024-10,Matched,910,2024-10
85,MIA,2024-10-07,-3737.96,MIA AP payment run (prior month invoices) - 2024-10,Matched,914,2024-10
86,MIA,2024-10-25,3481.92,Intercompany settlement received from branch 2 - 2024-10,Matched,977,2024-10
87,MIA,2024-10-25,3088.8,Intercompany settlement received from branch 3 - 2024-10,Matched,985,2024-10
88,MIA,2024-11-25,99507.74,MIA client fee collections - 2024-11,Matched,991,2024-11
89,MIA,2024-11-15,-7896.97,MIA direct case costs - 2024-11,Matched,995,2024-11
90,MIA,2024-11-28,-52292.71,MIA payroll run - 2024-11,Matched,999,2024-11
91,MIA,2024-11-01,-7140.0,MIA office rent - 2024-11,Matched,1003,2024-11
92,MIA,2024-11-18,-2714.32,MIA marketing spend - 2024-11,Matched,1005,2024-11
93,MIA,2024-11-11,-2310.0,MIA software & IT subscriptions - 2024-11,Matched,1010,2024-11
94,MIA,2024-11-05,-3438.73,MIA AP payment run (prior month invoices) - 2024-11,Matched,1014,2024-11
95,MIA,2024-11-25,3514.16,Intercompany settlement received from branch 2 - 2024-11,Matched,1077,2024-11
96,MIA,2024-11-25,3117.4,Intercompany settlement received from branch 3 - 2024-11,Matched,1085,2024-11
97,MIA,2024-12-24,94813.45,MIA client fee collections - 2024-12,Matched,1091,2024-12
98,MIA,2024-12-16,-7486.96,MIA direct case costs - 2024-12,Matched,1095,2024-12
99,MIA,2024-12-30,-52853.59,MIA payroll run - 2024-12,Matched,1099,2024-12
100,MIA,2024-12-02,-7174.0,MIA office rent - 2024-12,Matched,1103,2024-12
101,MIA,2024-12-18,-2546.11,MIA marketing spend - 2024-12,Matched,1105,2024-12
102,MIA,2024-12-09,-2331.0,MIA software & IT subscriptions - 2024-12,Matched,1110,2024-12
103,MIA,2024-12-05,-4062.99,MIA AP payment run (prior month invoices) - 2024-12,Matched,1114,2024-12
104,MIA,2024-12-25,3546.4,Intercompany settlement received from branch 2 - 2024-12,Matched,1177,2024-12
105,MIA,2024-12-25,3146.0,Intercompany settlement received from branch 3 - 2024-12,Matched,1185,2024-12
106,MIA,2025-01-24,88909.87,MIA client fee collections - 2025-01,Matched,1191,2025-01
107,MIA,2025-01-15,-7141.22,MIA direct case costs - 2025-01,Matched,1195,2025-01
108,MIA,2025-01-28,-53414.47,MIA payroll run - 2025-01,Matched,1199,2025-01
109,MIA,2025-01-01,-7208.0,MIA office rent - 2025-01,Matched,1203,2025-01
110,MIA,2025-01-20,-2403.06,MIA marketing spend - 2025-01,Matched,1205,2025-01
111,MIA,2025-01-09,-2352.0,MIA software & IT subscriptions - 2025-01,Matched,1210,2025-01
112,MIA,2025-01-06,-3845.23,MIA AP payment run (prior month invoices) - 2025-01,Matched,1214,2025-01
113,MIA,2025-01-27,3578.64,Intercompany settlement received from branch 2 - 2025-01,Matched,1277,2025-01
114,MIA,2025-01-27,3174.6,Intercompany settlement received from branch 3 - 2025-01,Matched,1285,2025-01
115,MIA,2025-02-24,102509.27,MIA client fee collections - 2025-02,Matched,1291,2025-02
116,MIA,2025-02-17,-8113.38,MIA direct case costs - 2025-02,Matched,1295,2025-02
117,MIA,2025-02-28,-53975.36,MIA payroll run - 2025-02,Matched,1299,2025-02
118,MIA,2025-02-03,-7242.0,MIA office rent - 2025-02,Matched,1303,2025-02
119,MIA,2025-02-18,-2701.86,MIA marketing spend - 2025-02,Matched,1305,2025-02
120,MIA,2025-02-10,-2373.0,MIA software & IT subscriptions - 2025-02,Matched,1310,2025-02
121,MIA,2025-02-05,-3661.28,MIA AP payment run (prior month invoices) - 2025-02,Matched,1314,2025-02
122,MIA,2025-02-25,3610.88,Intercompany settlement received from branch 2 - 2025-02,Matched,1377,2025-02
123,MIA,2025-02-25,3203.2,Intercompany settlement received from branch 3 - 2025-02,Matched,1385,2025-02
124,MIA,2025-03-24,86060.59,MIA client fee collections - 2025-03,Matched,1391,2025-03
125,MIA,2025-03-17,-7036.79,MIA direct case costs - 2025-03,Matched,1395,2025-03
126,MIA,2025-03-28,-54536.23,MIA payroll run - 2025-03,Matched,1399,2025-03
127,MIA,2025-03-03,-7276.0,MIA office rent - 2025-03,Matched,1403,2025-03
128,MIA,2025-03-18,-2319.26,MIA marketing spend - 2025-03,Matched,1405,2025-03
129,MIA,2025-03-10,-2394.0,MIA software & IT subscriptions - 2025-03,Matched,1410,2025-03
130,MIA,2025-03-05,-4152.62,MIA AP payment run (prior month invoices) - 2025-03,Matched,1414,2025-03
131,MIA,2025-03-25,3643.12,Intercompany settlement received from branch 2 - 2025-03,Matched,1477,2025-03
132,MIA,2025-03-25,3231.8,Intercompany settlement received from branch 3 - 2025-03,Matched,1485,2025-03
133,MIA,2025-04-24,106125.64,MIA client fee collections - 2025-04,Matched,1491,2025-04
134,MIA,2025-04-15,-8476.69,MIA direct case costs - 2025-04,Matched,1495,2025-04
135,MIA,2025-04-28,-55097.11,MIA payroll run - 2025-04,Matched,1499,2025-04
136,MIA,2025-04-01,-7310.0,MIA office rent - 2025-04,Matched,1503,2025-04
137,MIA,2025-04-18,-2765.43,MIA marketing spend - 2025-04,Matched,1505,2025-04
138,MIA,2025-04-09,-2415.0,MIA software & IT subscriptions - 2025-04,Matched,1510,2025-04
139,MIA,2025-04-07,-3595.59,MIA AP payment run (prior month invoices) - 2025-04,Matched,1514,2025-04
140,MIA,2025-04-25,3675.36,Intercompany settlement received from branch 2 - 2025-04,Matched,1577,2025-04
141,MIA,2025-04-25,3260.4,Intercompany settlement received from branch 3 - 2025-04,Matched,1585,2025-04
142,MIA,2025-05-26,100677.8,MIA client fee collections - 2025-05,Matched,1591,2025-05
143,MIA,2025-05-15,-8072.64,MIA direct case costs - 2025-05,Matched,1595,2025-05
144,MIA,2025-05-28,-55657.99,MIA payroll run - 2025-05,Matched,1599,2025-05
145,MIA,2025-05-01,-7344.0,MIA office rent - 2025-05,Matched,1603,2025-05
146,MIA,2025-05-19,-2607.1,MIA marketing spend - 2025-05,Matched,1605,2025-05
147,MIA,2025-05-09,-2436.0,MIA software & IT subscriptions - 2025-05,Matched,1610,2025-05
148,MIA,2025-05-05,-4324.23,MIA AP payment run (prior month invoices) - 2025-05,Matched,1614,2025-05
149,MIA,2025-05-26,3707.6,Intercompany settlement received from branch 2 - 2025-05,Matched,1677,2025-05
150,MIA,2025-05-26,3289.0,Intercompany settlement received from branch 3 - 2025-05,Matched,1685,2025-05
151,MIA,2025-06-24,106994.29,MIA client fee collections - 2025-06,Matched,1691,2025-06
152,MIA,2025-06-16,-8230.32,MIA direct case costs - 2025-06,Matched,1695,2025-06
153,MIA,2025-06-30,-56218.87,MIA payroll run - 2025-06,Matched,1699,2025-06
154,MIA,2025-06-02,-7378.0,MIA office rent - 2025-06,Matched,1703,2025-06
155,MIA,2025-06-09,-2457.0,MIA software & IT subscriptions - 2025-06,Matched,1710,2025-06
156,MIA,2025-06-05,-4111.47,MIA AP payment run (prior month invoices) - 2025-06,Matched,1714,2025-06
157,MIA,2025-06-25,3739.84,Intercompany settlement received from branch 2 - 2025-06,Matched,1777,2025-06
158,MIA,2025-06-25,3317.6,Intercompany settlement received from branch 3 - 2025-06,Matched,1785,2025-06
159,CHI,2024-01-24,46379.91,CHI client fee collections - 2024-01,Matched,31,2024-01
160,CHI,2024-01-15,-3734.77,CHI direct case costs - 2024-01,Matched,35,2024-01
161,CHI,2024-01-29,-26080.92,CHI payroll run - 2024-01,Matched,39,2024-01
162,CHI,2024-01-01,-4216.0,CHI office rent - 2024-01,Matched,43,2024-01
163,CHI,2024-01-18,-1437.74,CHI marketing spend - 2024-01,Matched,45,2024-01
164,CHI,2024-01-09,-1302.0,CHI software & IT subscriptions - 2024-01,Matched,50,2024-01
165,CHI,2024-02-26,54103.87,CHI client fee collections - 2024-02,Matched,119,2024-02
166,CHI,2024-02-15,-4338.75,CHI direct case costs - 2024-02,Matched,123,2024-02
167,CHI,2024-02-28,-29291.78,CHI payroll run - 2024-02,Matched,127,2024-02
168,CHI,2024-02-01,-4237.08,CHI office rent - 2024-02,Matched,131,2024-02
169,CHI,2024-02-19,-1650.45,CHI marketing spend - 2024-02,Matched,133,2024-02
170,CHI,2024-02-09,-1315.02,CHI software & IT subscriptions - 2024-02,Matched,138,2024-02
171,CHI,2024-02-05,-1960.06,CHI AP payment run (prior month invoices) - 2024-02,Matched,142,2024-02
172,CHI,2024-02-26,-3224.0,Intercompany settlement paid to HQ - 2024-02,Matched,176,2024-02
173,CHI,2024-03-25,51195.95,CHI client fee collections - 2024-03,Matched,219,2024-03
174,CHI,2024-03-15,-4170.73,CHI direct case costs - 2024-03,Matched,223,2024-03
175,CHI,2024-03-28,-29639.51,CHI payroll run - 2024-03,Matched,227,2024-03
176,CHI,2024-03-01,-4258.16,CHI office rent - 2024-03,Matched,231,2024-03
177,CHI,2024-03-18,-1567.94,CHI marketing spend - 2024-03,Matched,233,2024-03
178,CHI,2024-03-11,-1328.04,CHI software & IT subscriptions - 2024-03,Matched,238,2024-03
179,CHI,2024-03-05,-2272.08,CHI AP payment run (prior month invoices) - 2024-03,Matched,242,2024-03
180,CHI,2024-03-25,-3256.24,Intercompany settlement paid to HQ - 2024-03,Matched,276,2024-03
181,CHI,2024-04-24,55528.39,CHI client fee collections - 2024-04,Matched,319,2024-04
182,CHI,2024-04-15,-4560.83,CHI direct case costs - 2024-04,Matched,323,2024-04
183,CHI,2024-04-29,-29987.27,CHI payroll run - 2024-04,Matched,327,2024-04
184,CHI,2024-04-01,-4279.24,CHI office rent - 2024-04,Matched,331,2024-04
185,CHI,2024-04-18,-1694.74,CHI marketing spend - 2024-04,Matched,333,2024-04
186,CHI,2024-04-09,-1341.06,CHI software & IT subscriptions - 2024-04,Matched,338,2024-04
187,CHI,2024-04-05,-2179.45,CHI AP payment run (prior month invoices) - 2024-04,Matched,342,2024-04
188,CHI,2024-04-25,-3288.48,Intercompany settlement paid to HQ - 2024-04,Matched,376,2024-04
189,CHI,2024-05-24,51587.59,CHI client fee collections - 2024-05,Matched,419,2024-05
190,CHI,2024-05-15,-4210.2,CHI direct case costs - 2024-05,Matched,423,2024-05
191,CHI,2024-05-28,-30335.0,CHI payroll run - 2024-05,Matched,427,2024-05
192,CHI,2024-05-01,-4300.32,CHI office rent - 2024-05,Matched,431,2024-05
193,CHI,2024-05-20,-1546.54,CHI marketing spend - 2024-05,Matched,433,2024-05
194,CHI,2024-05-09,-1354.08,CHI software & IT subscriptions - 2024-05,Matched,438,2024-05
195,CHI,2024-05-06,-2378.32,CHI AP payment run (prior month invoices) - 2024-05,Matched,442,2024-05
196,CHI,2024-05-27,-3320.72,Intercompany settlement paid to HQ - 2024-05,Matched,476,2024-05
197,CHI,2024-06-24,53352.36,CHI client fee collections - 2024-06,Matched,519,2024-06
198,CHI,2024-06-17,-4173.53,CHI direct case costs - 2024-06,Matched,523,2024-06
199,CHI,2024-06-28,-30682.76,CHI payroll run - 2024-06,Matched,527,2024-06
200,CHI,2024-06-03,-4321.4,CHI office rent - 2024-06,Matched,531,2024-06
201,CHI,2024-06-18,-1515.71,CHI marketing spend - 2024-06,Matched,533,2024-06
202,CHI,2024-06-10,-1367.1,CHI software & IT subscriptions - 2024-06,Matched,538,2024-06
203,CHI,2024-06-05,-2191.0,CHI AP payment run (prior month invoices) - 2024-06,Matched,542,2024-06
204,CHI,2024-06-25,-3352.96,Intercompany settlement paid to HQ - 2024-06,Matched,576,2024-06
205,CHI,2024-07-24,53012.53,CHI client fee collections - 2024-07,Matched,619,2024-07
206,CHI,2024-07-15,-4130.95,CHI direct case costs - 2024-07,Matched,623,2024-07
207,CHI,2024-07-29,-31030.49,CHI payroll run - 2024-07,Matched,627,2024-07
208,CHI,2024-07-01,-4342.48,CHI office rent - 2024-07,Matched,631,2024-07
209,CHI,2024-07-18,-1483.46,CHI marketing spend - 2024-07,Matched,633,2024-07
210,CHI,2024-07-09,-1380.12,CHI software & IT subscriptions - 2024-07,Matched,638,2024-07
211,CHI,2024-07-05,-2167.58,CHI AP payment run (prior month invoices) - 2024-07,Matched,642,2024-07
212,CHI,2024-07-25,-3385.2,Intercompany settlement paid to HQ - 2024-07,Matched,676,2024-07
213,CHI,2024-08-26,62455.59,CHI client fee collections - 2024-08,Matched,719,2024-08
214,CHI,2024-08-15,-4842.18,CHI direct case costs - 2024-08,Matched,723,2024-08
215,CHI,2024-08-28,-31378.25,CHI payroll run - 2024-08,Matched,727,2024-08
216,CHI,2024-08-01,-4363.56,CHI office rent - 2024-08,Matched,731,2024-08
217,CHI,2024-08-19,-1719.61,CHI marketing spend - 2024-08,Matched,733,2024-08
218,CHI,2024-08-09,-1393.14,CHI software & IT subscriptions - 2024-08,Matched,738,2024-08
219,CHI,2024-08-05,-2141.27,CHI AP payment run (prior month invoices) - 2024-08,Matched,742,2024-08
220,CHI,2024-08-26,-3417.44,Intercompany settlement paid to HQ - 2024-08,Matched,776,2024-08
221,CHI,2024-09-24,61266.73,CHI client fee collections - 2024-09,Matched,819,2024-09
222,CHI,2024-09-16,-4965.55,CHI direct case costs - 2024-09,Matched,823,2024-09
223,CHI,2024-09-30,-31725.98,CHI payroll run - 2024-09,Matched,827,2024-09
224,CHI,2024-09-02,-4384.64,CHI office rent - 2024-09,Matched,831,2024-09
225,CHI,2024-09-18,-1744.12,CHI marketing spend - 2024-09,Matched,833,2024-09
226,CHI,2024-09-09,-1406.16,CHI software & IT subscriptions - 2024-09,Matched,838,2024-09
227,CHI,2024-09-05,-2505.12,CHI AP payment run (prior month invoices) - 2024-09,Matched,842,2024-09
228,CHI,2024-09-25,-3449.68,Intercompany settlement paid to HQ - 2024-09,Matched,876,2024-09
229,CHI,2024-10-24,56592.2,CHI client fee collections - 2024-10,Matched,919,2024-10
230,CHI,2024-10-15,-4335.01,CHI direct case costs - 2024-10,Matched,923,2024-10
231,CHI,2024-10-28,-32073.74,CHI payroll run - 2024-10,Matched,927,2024-10
232,CHI,2024-10-01,-4405.72,CHI office rent - 2024-10,Matched,931,2024-10
233,CHI,2024-10-18,-1506.15,CHI marketing spend - 2024-10,Matched,933,2024-10
234,CHI,2024-10-09,-1419.18,CHI software & IT subscriptions - 2024-10,Matched,938,2024-10
235,CHI,2024-10-07,-2564.13,CHI AP payment run (prior month invoices) - 2024-10,Matched,942,2024-10
236,CHI,2024-10-25,-3481.92,Intercompany settlement paid to HQ - 2024-10,Matched,976,2024-10
237,CHI,2024-11-25,63382.69,CHI client fee collections - 2024-11,Matched,1019,2024-11
238,CHI,2024-11-15,-4909.74,CHI direct case costs - 2024-11,Matched,1023,2024-11
239,CHI,2024-11-28,-32421.48,CHI payroll run - 2024-11,Matched,1027,2024-11
240,CHI,2024-11-01,-4426.8,CHI office rent - 2024-11,Matched,1031,2024-11
241,CHI,2024-11-18,-1687.56,CHI marketing spend - 2024-11,Matched,1033,2024-11
242,CHI,2024-11-11,-1432.2,CHI software & IT subscriptions - 2024-11,Matched,1038,2024-11
243,CHI,2024-11-05,-2234.4,CHI AP payment run (prior month invoices) - 2024-11,Matched,1042,2024-11
244,CHI,2024-11-25,-3514.16,Intercompany settlement paid to HQ - 2024-11,Matched,1076,2024-11
245,CHI,2024-12-24,62662.77,CHI client fee collections - 2024-12,Matched,1119,2024-12
246,CHI,2024-12-16,-4850.41,CHI direct case costs - 2024-12,Matched,1123,2024-12
247,CHI,2024-12-30,-32769.23,CHI payroll run - 2024-12,Matched,1127,2024-12
248,CHI,2024-12-02,-4447.88,CHI office rent - 2024-12,Matched,1131,2024-12
249,CHI,2024-12-18,-1649.5,CHI marketing spend - 2024-12,Matched,1133,2024-12
250,CHI,2024-12-09,-1445.22,CHI software & IT subscriptions - 2024-12,Matched,1138,2024-12
251,CHI,2024-12-05,-2526.06,CHI AP payment run (prior month invoices) - 2024-12,Matched,1142,2024-12
252,CHI,2024-12-25,-3546.4,Intercompany settlement paid to HQ - 2024-12,Matched,1176,2024-12
253,CHI,2025-01-24,67695.03,CHI client fee collections - 2025-01,Matched,1219,2025-01
254,CHI,2025-01-15,-5170.05,CHI direct case costs - 2025-01,Matched,1223,2025-01
255,CHI,2025-01-28,-33116.98,CHI payroll run - 2025-01,Matched,1227,2025-01
256,CHI,2025-01-01,-4468.96,CHI office rent - 2025-01,Matched,1231,2025-01
257,CHI,2025-01-20,-1739.75,CHI marketing spend - 2025-01,Matched,1233,2025-01
258,CHI,2025-01-09,-1458.24,CHI software & IT subscriptions - 2025-01,Matched,1238,2025-01
259,CHI,2025-01-06,-2491.12,CHI AP payment run (prior month invoices) - 2025-01,Matched,1242,2025-01
260,CHI,2025-01-27,-3578.64,Intercompany settlement paid to HQ - 2025-01,Matched,1276,2025-01
261,CHI,2025-02-24,61507.43,CHI client fee collections - 2025-02,Matched,1319,2025-02
262,CHI,2025-02-17,-4688.42,CHI direct case costs - 2025-02,Matched,1323,2025-02
263,CHI,2025-02-28,-33464.71,CHI payroll run - 2025-02,Matched,1327,2025-02
264,CHI,2025-02-03,-4490.04,CHI office rent - 2025-02,Matched,1331,2025-02
265,CHI,2025-02-18,-1561.3,CHI marketing spend - 2025-02,Matched,1333,2025-02
266,CHI,2025-02-10,-1471.26,CHI software & IT subscriptions - 2025-02,Matched,1338,2025-02
267,CHI,2025-02-05,-2650.68,CHI AP payment run (prior month invoices) - 2025-02,Matched,1342,2025-02
268,CHI,2025-02-25,-3610.88,Intercompany settlement paid to HQ - 2025-02,Matched,1376,2025-02
269,CHI,2025-03-24,61111.2,CHI client fee collections - 2025-03,Matched,1419,2025-03
270,CHI,2025-03-17,-4601.37,CHI direct case costs - 2025-03,Matched,1423,2025-03
271,CHI,2025-03-28,-33812.47,CHI payroll run - 2025-03,Matched,1427,2025-03
272,CHI,2025-03-03,-4511.12,CHI office rent - 2025-03,Matched,1431,2025-03
273,CHI,2025-03-18,-1516.57,CHI marketing spend - 2025-03,Matched,1433,2025-03
274,CHI,2025-03-10,-1484.28,CHI software & IT subscriptions - 2025-03,Matched,1438,2025-03
275,CHI,2025-03-05,-2399.66,CHI AP payment run (prior month invoices) - 2025-03,Matched,1442,2025-03
276,CHI,2025-03-25,-3643.12,Intercompany settlement paid to HQ - 2025-03,Matched,1476,2025-03
277,CHI,2025-04-24,55236.4,CHI client fee collections - 2025-04,Matched,1519,2025-04
278,CHI,2025-04-15,-4487.69,CHI direct case costs - 2025-04,Matched,1523,2025-04
279,CHI,2025-04-28,-34160.2,CHI payroll run - 2025-04,Matched,1527,2025-04
280,CHI,2025-04-01,-4532.2,CHI office rent - 2025-04,Matched,1531,2025-04
281,CHI,2025-04-18,-1464.06,CHI marketing spend - 2025-04,Matched,1533,2025-04
282,CHI,2025-04-09,-1497.3,CHI software & IT subscriptions - 2025-04,Matched,1538,2025-04
283,CHI,2025-04-07,-2351.15,CHI AP payment run (prior month invoices) - 2025-04,Matched,1542,2025-04
284,CHI,2025-04-25,-3675.36,Intercompany settlement paid to HQ - 2025-04,Matched,1576,2025-04
285,CHI,2025-05-26,59972.73,CHI client fee collections - 2025-05,Matched,1619,2025-05
286,CHI,2025-05-15,-4832.93,CHI direct case costs - 2025-05,Matched,1623,2025-05
287,CHI,2025-05-28,-34507.96,CHI payroll run - 2025-05,Matched,1627,2025-05
288,CHI,2025-05-01,-4553.28,CHI office rent - 2025-05,Matched,1631,2025-05
289,CHI,2025-05-19,-1560.82,CHI marketing spend - 2025-05,Matched,1633,2025-05
290,CHI,2025-05-09,-1510.32,CHI software & IT subscriptions - 2025-05,Matched,1638,2025-05
291,CHI,2025-05-05,-2289.32,CHI AP payment run (prior month invoices) - 2025-05,Matched,1642,2025-05
292,CHI,2025-05-26,-3707.6,Intercompany settlement paid to HQ - 2025-05,Matched,1676,2025-05
293,CHI,2025-06-24,64224.03,CHI client fee collections - 2025-06,Matched,1719,2025-06
294,CHI,2025-06-16,-5052.9,CHI direct case costs - 2025-06,Matched,1723,2025-06
295,CHI,2025-06-30,-34855.7,CHI payroll run - 2025-06,Matched,1727,2025-06
296,CHI,2025-06-02,-4574.36,CHI office rent - 2025-06,Matched,1731,2025-06
297,CHI,2025-06-09,-1523.34,CHI software & IT subscriptions - 2025-06,Matched,1738,2025-06
298,CHI,2025-06-05,-2461.45,CHI AP payment run (prior month invoices) - 2025-06,Matched,1742,2025-06
299,CHI,2025-06-25,-3739.84,Intercompany settlement paid to HQ - 2025-06,Matched,1776,2025-06
300,DAL,2024-01-24,53262.26,DAL client fee collections - 2024-01,Matched,57,2024-01
301,DAL,2024-01-15,-4061.97,DAL direct case costs - 2024-01,Matched,61,2024-01
302,DAL,2024-01-29,-23136.3,DAL payroll run - 2024-01,Matched,65,2024-01
303,DAL,2024-01-01,-3740.0,DAL office rent - 2024-01,Matched,69,2024-01
304,DAL,2024-01-18,-1563.7,DAL marketing spend - 2024-01,Matched,71,2024-01
305,DAL,2024-01-09,-1155.0,DAL software & IT subscriptions - 2024-01,Matched,76,2024-01
306,DAL,2024-02-26,54225.14,DAL client fee collections - 2024-02,Matched,147,2024-02
307,DAL,2024-02-15,-4137.03,DAL direct case costs - 2024-02,Matched,151,2024-02
308,DAL,2024-02-28,-25984.63,DAL payroll run - 2024-02,Matched,155,2024-02
309,DAL,2024-02-01,-3758.7,DAL office rent - 2024-02,Matched,159,2024-02
310,DAL,2024-02-19,-1573.71,DAL marketing spend - 2024-02,Matched,161,2024-02
311,DAL,2024-02-09,-1166.55,DAL software & IT subscriptions - 2024-02,Matched,166,2024-02
312,DAL,2024-02-05,-2131.78,DAL AP payment run (prior month invoices) - 2024-02,Matched,170,2024-02
313,DAL,2024-02-26,-2860.0,Intercompany settlement paid to HQ - 2024-02,Matched,184,2024-02
314,DAL,2024-03-25,51082.62,DAL client fee collections - 2024-03,Matched,247,2024-03
315,DAL,2024-03-15,-4191.52,DAL direct case costs - 2024-03,Matched,251,2024-03
316,DAL,2024-03-28,-26293.12,DAL payroll run - 2024-03,Matched,255,2024-03
317,DAL,2024-03-01,-3777.4,DAL office rent - 2024-03,Matched,259,2024-03
318,DAL,2024-03-18,-1575.76,DAL marketing spend - 2024-03,Matched,261,2024-03
319,DAL,2024-03-11,-1178.1,DAL software & IT subscriptions - 2024-03,Matched,266,2024-03
320,DAL,2024-03-05,-2166.44,DAL AP payment run (prior month invoices) - 2024-03,Matched,270,2024-03
321,DAL,2024-03-25,-2888.6,Intercompany settlement paid to HQ - 2024-03,Matched,284,2024-03
322,DAL,2024-04-24,50745.97,DAL client fee collections - 2024-04,Matched,347,2024-04
323,DAL,2024-04-15,-4142.18,DAL direct case costs - 2024-04,Matched,351,2024-04
324,DAL,2024-04-29,-26601.61,DAL payroll run - 2024-04,Matched,355,2024-04
325,DAL,2024-04-01,-3796.1,DAL office rent - 2024-04,Matched,359,2024-04
326,DAL,2024-04-18,-1539.18,DAL marketing spend - 2024-04,Matched,361,2024-04
327,DAL,2024-04-09,-1189.65,DAL software & IT subscriptions - 2024-04,Matched,366,2024-04
328,DAL,2024-04-05,-2190.3,DAL AP payment run (prior month invoices) - 2024-04,Matched,370,2024-04
329,DAL,2024-04-25,-2917.2,Intercompany settlement paid to HQ - 2024-04,Matched,384,2024-04
330,DAL,2024-05-24,46097.45,DAL client fee collections - 2024-05,Matched,447,2024-05
331,DAL,2024-05-15,-3630.42,DAL direct case costs - 2024-05,Matched,451,2024-05
332,DAL,2024-05-28,-26910.09,DAL payroll run - 2024-05,Matched,455,2024-05
333,DAL,2024-05-01,-3814.8,DAL office rent - 2024-05,Matched,459,2024-05
334,DAL,2024-05-20,-1333.56,DAL marketing spend - 2024-05,Matched,461,2024-05
335,DAL,2024-05-09,-1201.2,DAL software & IT subscriptions - 2024-05,Matched,466,2024-05
336,DAL,2024-05-06,-2160.01,DAL AP payment run (prior month invoices) - 2024-05,Matched,470,2024-05
337,DAL,2024-05-27,-2945.8,Intercompany settlement paid to HQ - 2024-05,Matched,484,2024-05
338,DAL,2024-06-24,49159.83,DAL client fee collections - 2024-06,Matched,547,2024-06
339,DAL,2024-06-17,-3903.47,DAL direct case costs - 2024-06,Matched,551,2024-06
340,DAL,2024-06-28,-27218.57,DAL payroll run - 2024-06,Matched,555,2024-06
341,DAL,2024-06-03,-3833.5,DAL office rent - 2024-06,Matched,559,2024-06
342,DAL,2024-06-18,-1417.63,DAL marketing spend - 2024-06,Matched,561,2024-06
343,DAL,2024-06-10,-1212.75,DAL software & IT subscriptions - 2024-06,Matched,566,2024-06
344,DAL,2024-06-05,-1889.28,DAL AP payment run (prior month invoices) - 2024-06,Matched,570,2024-06
345,DAL,2024-06-25,-2974.4,Intercompany settlement paid to HQ - 2024-06,Matched,584,2024-06
346,DAL,2024-07-24,48242.58,DAL client fee collections - 2024-07,Matched,647,2024-07
347,DAL,2024-07-15,-3890.38,DAL direct case costs - 2024-07,Matched,651,2024-07
348,DAL,2024-07-29,-27527.05,DAL payroll run - 2024-07,Matched,655,2024-07
349,DAL,2024-07-01,-3852.2,DAL office rent - 2024-07,Matched,659,2024-07
350,DAL,2024-07-18,-1397.06,DAL marketing spend - 2024-07,Matched,661,2024-07
351,DAL,2024-07-09,-1224.3,DAL software & IT subscriptions - 2024-07,Matched,666,2024-07
352,DAL,2024-07-05,-2027.33,DAL AP payment run (prior month invoices) - 2024-07,Matched,670,2024-07
353,DAL,2024-07-25,-3003.0,Intercompany settlement paid to HQ - 2024-07,Matched,684,2024-07
354,DAL,2024-08-26,47486.3,DAL client fee collections - 2024-08,Matched,747,2024-08
355,DAL,2024-08-15,-3661.62,DAL direct case costs - 2024-08,Matched,751,2024-08
356,DAL,2024-08-28,-27835.54,DAL payroll run - 2024-08,Matched,755,2024-08
357,DAL,2024-08-01,-3870.9,DAL office rent - 2024-08,Matched,759,2024-08
358,DAL,2024-08-19,-1300.35,DAL marketing spend - 2024-08,Matched,761,2024-08
359,DAL,2024-08-09,-1235.85,DAL software & IT subscriptions - 2024-08,Matched,766,2024-08
360,DAL,2024-08-05,-2016.56,DAL AP payment run (prior month invoices) - 2024-08,Matched,770,2024-08
361,DAL,2024-08-26,-3031.6,Intercompany settlement paid to HQ - 2024-08,Matched,784,2024-08
362,DAL,2024-09-24,48323.14,DAL client fee collections - 2024-09,Matched,847,2024-09
363,DAL,2024-09-16,-3827.82,DAL direct case costs - 2024-09,Matched,851,2024-09
364,DAL,2024-09-30,-28144.02,DAL payroll run - 2024-09,Matched,855,2024-09
365,DAL,2024-09-02,-3889.6,DAL office rent - 2024-09,Matched,859,2024-09
366,DAL,2024-09-18,-1344.5,DAL marketing spend - 2024-09,Matched,861,2024-09
367,DAL,2024-09-09,-1247.4,DAL software & IT subscriptions - 2024-09,Matched,866,2024-09
368,DAL,2024-09-05,-1894.35,DAL AP payment run (prior month invoices) - 2024-09,Matched,870,2024-09
369,DAL,2024-09-25,-3060.2,Intercompany settlement paid to HQ - 2024-09,Matched,884,2024-09
370,DAL,2024-10-24,55751.96,DAL client fee collections - 2024-10,Matched,947,2024-10
371,DAL,2024-10-15,-4219.17,DAL direct case costs - 2024-10,Matched,951,2024-10
372,DAL,2024-10-28,-28452.51,DAL payroll run - 2024-10,Matched,955,2024-10
373,DAL,2024-10-01,-3908.3,DAL office rent - 2024-10,Matched,959,2024-10
374,DAL,2024-10-18,-1465.9,DAL marketing spend - 2024-10,Matched,961,2024-10
375,DAL,2024-10-09,-1258.95,DAL software & IT subscriptions - 2024-10,Matched,966,2024-10
376,DAL,2024-10-07,-1976.61,DAL AP payment run (prior month invoices) - 2024-10,Matched,970,2024-10
377,DAL,2024-10-25,-3088.8,Intercompany settlement paid to HQ - 2024-10,Matched,984,2024-10
378,DAL,2024-11-25,53513.71,DAL client fee collections - 2024-11,Matched,1047,2024-11
379,DAL,2024-11-15,-4049.41,DAL direct case costs - 2024-11,Matched,1051,2024-11
380,DAL,2024-11-28,-28761.0,DAL payroll run - 2024-11,Matched,1055,2024-11
381,DAL,2024-11-01,-3927.0,DAL office rent - 2024-11,Matched,1059,2024-11
382,DAL,2024-11-18,-1391.85,DAL marketing spend - 2024-11,Matched,1061,2024-11
383,DAL,2024-11-11,-1270.5,DAL software & IT subscriptions - 2024-11,Matched,1066,2024-11
384,DAL,2024-11-05,-2174.7,DAL AP payment run (prior month invoices) - 2024-11,Matched,1070,2024-11
385,DAL,2024-11-25,-3117.4,Intercompany settlement paid to HQ - 2024-11,Matched,1084,2024-11
386,DAL,2024-12-24,52206.39,DAL client fee collections - 2024-12,Matched,1147,2024-12
387,DAL,2024-12-16,-4103.76,DAL direct case costs - 2024-12,Matched,1151,2024-12
388,DAL,2024-12-30,-29069.47,DAL payroll run - 2024-12,Matched,1155,2024-12
389,DAL,2024-12-02,-3945.7,DAL office rent - 2024-12,Matched,1159,2024-12
390,DAL,2024-12-18,-1395.58,DAL marketing spend - 2024-12,Matched,1161,2024-12
391,DAL,2024-12-09,-1282.05,DAL software & IT subscriptions - 2024-12,Matched,1166,2024-12
392,DAL,2024-12-05,-2083.42,DAL AP payment run (prior month invoices) - 2024-12,Matched,1170,2024-12
393,DAL,2024-12-25,-3146.0,Intercompany settlement paid to HQ - 2024-12,Matched,1184,2024-12
394,DAL,2025-01-24,54811.74,DAL client fee collections - 2025-01,Matched,1247,2025-01
395,DAL,2025-01-15,-4470.71,DAL direct case costs - 2025-01,Matched,1251,2025-01
396,DAL,2025-01-28,-29377.96,DAL payroll run - 2025-01,Matched,1255,2025-01
397,DAL,2025-01-01,-3964.4,DAL office rent - 2025-01,Matched,1259,2025-01
398,DAL,2025-01-20,-1504.42,DAL marketing spend - 2025-01,Matched,1261,2025-01
399,DAL,2025-01-09,-1293.6,DAL software & IT subscriptions - 2025-01,Matched,1266,2025-01
400,DAL,2025-01-06,-2107.64,DAL AP payment run (prior month invoices) - 2025-01,Matched,1270,2025-01
401,DAL,2025-01-27,-3174.6,Intercompany settlement paid to HQ - 2025-01,Matched,1284,2025-01
402,DAL,2025-02-24,53146.71,DAL client fee collections - 2025-02,Matched,1347,2025-02
403,DAL,2025-02-17,-4210.67,DAL direct case costs - 2025-02,Matched,1351,2025-02
404,DAL,2025-02-28,-29686.44,DAL payroll run - 2025-02,Matched,1355,2025-02
405,DAL,2025-02-03,-3983.1,DAL office rent - 2025-02,Matched,1359,2025-02
406,DAL,2025-02-18,-1402.21,DAL marketing spend - 2025-02,Matched,1361,2025-02
407,DAL,2025-02-10,-1305.15,DAL software & IT subscriptions - 2025-02,Matched,1366,2025-02
408,DAL,2025-02-05,-2292.12,DAL AP payment run (prior month invoices) - 2025-02,Matched,1370,2025-02
409,DAL,2025-02-25,-3203.2,Intercompany settlement paid to HQ - 2025-02,Matched,1384,2025-02
410,DAL,2025-03-24,49452.81,DAL client fee collections - 2025-03,Matched,1447,2025-03
411,DAL,2025-03-17,-3863.92,DAL direct case costs - 2025-03,Matched,1451,2025-03
412,DAL,2025-03-28,-29994.93,DAL payroll run - 2025-03,Matched,1455,2025-03
413,DAL,2025-03-03,-4001.8,DAL office rent - 2025-03,Matched,1459,2025-03
414,DAL,2025-03-18,-1273.51,DAL marketing spend - 2025-03,Matched,1461,2025-03
415,DAL,2025-03-10,-1316.7,DAL software & IT subscriptions - 2025-03,Matched,1466,2025-03
416,DAL,2025-03-05,-2155.12,DAL AP payment run (prior month invoices) - 2025-03,Matched,1470,2025-03
417,DAL,2025-03-25,-3231.8,Intercompany settlement paid to HQ - 2025-03,Matched,1484,2025-03
418,DAL,2025-04-24,60409.18,DAL client fee collections - 2025-04,Matched,1547,2025-04
419,DAL,2025-04-15,-4690.92,DAL direct case costs - 2025-04,Matched,1551,2025-04
420,DAL,2025-04-28,-30303.41,DAL payroll run - 2025-04,Matched,1555,2025-04
421,DAL,2025-04-01,-4020.5,DAL office rent - 2025-04,Matched,1559,2025-04
422,DAL,2025-04-18,-1530.37,DAL marketing spend - 2025-04,Matched,1561,2025-04
423,DAL,2025-04-09,-1328.25,DAL software & IT subscriptions - 2025-04,Matched,1566,2025-04
424,DAL,2025-04-07,-1974.34,DAL AP payment run (prior month invoices) - 2025-04,Matched,1570,2025-04
425,DAL,2025-04-25,-3260.4,Intercompany settlement paid to HQ - 2025-04,Matched,1584,2025-04
426,DAL,2025-05-26,51831.21,DAL client fee collections - 2025-05,Matched,1647,2025-05
427,DAL,2025-05-15,-4005.88,DAL direct case costs - 2025-05,Matched,1651,2025-05
428,DAL,2025-05-28,-30611.9,DAL payroll run - 2025-05,Matched,1655,2025-05
429,DAL,2025-05-01,-4039.2,DAL office rent - 2025-05,Matched,1659,2025-05
430,DAL,2025-05-19,-1293.72,DAL marketing spend - 2025-05,Matched,1661,2025-05
431,DAL,2025-05-09,-1339.8,DAL software & IT subscriptions - 2025-05,Matched,1666,2025-05
432,DAL,2025-05-05,-2392.99,DAL AP payment run (prior month invoices) - 2025-05,Matched,1670,2025-05
433,DAL,2025-05-26,-3289.0,Intercompany settlement paid to HQ - 2025-05,Matched,1684,2025-05
434,DAL,2025-06-24,54828.09,DAL client fee collections - 2025-06,Matched,1747,2025-06
435,DAL,2025-06-16,-4137.11,DAL direct case costs - 2025-06,Matched,1751,2025-06
436,DAL,2025-06-30,-30920.38,DAL payroll run - 2025-06,Matched,1755,2025-06
437,DAL,2025-06-02,-4057.9,DAL office rent - 2025-06,Matched,1759,2025-06
438,DAL,2025-06-09,-1351.35,DAL software & IT subscriptions - 2025-06,Matched,1766,2025-06
439,DAL,2025-06-05,-2040.24,DAL AP payment run (prior month invoices) - 2025-06,Matched,1770,2025-06
440,DAL,2025-06-25,-3317.6,Intercompany settlement paid to HQ - 2025-06,Matched,1784,2025-06
441,MIA,2025-06-30,-50.0,Monthly account service fee,Unmatched - Book Adjustment Needed,,2025-06
442,MIA,2025-06-30,40.0,Interest income,Unmatched - Book Adjustment Needed,,2025-06
443,CHI,2025-06-30,-44.3,Monthly account service fee,Unmatched - Book Adjustment Needed,,2025-06
444,CHI,2025-06-30,31.64,Interest income,Unmatched - Book Adjustment Needed,,2025-06
445,DAL,2025-06-30,-43.25,Monthly account service fee,Unmatched - Book Adjustment Needed,,2025-06
446,DAL,2025-06-30,30.1,Interest income,Unmatched - Book Adjustment Needed,,2025-06
