BudgetID,EntityCode,Month,AccountCode,AccountName,BudgetAmount,MonthKey
1,MIA,2024-01-01,4010,Litigation Fees,37497.4,2024-01
2,MIA,2024-01-01,4020,Corporate & Transactional Fees,30252.17,2024-01
3,MIA,2024-01-01,4030,Family Law Fees,22794.28,2024-01
4,MIA,2024-01-01,6010,Attorney & Staff Payroll,41157.23,2024-01
5,MIA,2024-01-01,6020,Payroll Taxes & Benefits,5823.86,2024-01
6,MIA,2024-01-01,6030,Office Rent,6687.65,2024-01
7,MIA,2024-01-01,6040,Marketing & Business Development,3252.16,2024-01
8,MIA,2024-01-01,6050,Professional Insurance,1422.73,2024-01
9,MIA,2024-01-01,6060,Software & IT,2040.91,2024-01
10,MIA,2024-01-01,7000,Depreciation Expense,1100.24,2024-01
11,CHI,2024-01-01,4010,Litigation Fees,20613.41,2024-01
12,CHI,2024-01-01,4020,Corporate & Transactional Fees,16965.32,2024-01
13,CHI,2024-01-01,4030,Family Law Fees,12716.95,2024-01
14,CHI,2024-01-01,6010,Attorney & Staff Payroll,25406.36,2024-01
15,CHI,2024-01-01,6020,Payroll Taxes & Benefits,3596.07,2024-01
16,CHI,2024-01-01,6030,Office Rent,4132.78,2024-01
17,CHI,2024-01-01,6040,Marketing & Business Development,1962.06,2024-01
18,CHI,2024-01-01,6050,Professional Insurance,906.13,2024-01
19,CHI,2024-01-01,6060,Software & IT,1281.2,2024-01
20,CHI,2024-01-01,7000,Depreciation Expense,672.6,2024-01
21,DAL,2024-01-01,4010,Litigation Fees,22744.47,2024-01
22,DAL,2024-01-01,4020,Corporate & Transactional Fees,17418.45,2024-01
23,DAL,2024-01-01,4030,Family Law Fees,13201.38,2024-01
24,DAL,2024-01-01,6010,Attorney & Staff Payroll,22554.2,2024-01
25,DAL,2024-01-01,6020,Payroll Taxes & Benefits,3189.7,2024-01
26,DAL,2024-01-01,6030,Office Rent,3774.37,2024-01
27,DAL,2024-01-01,6040,Marketing & Business Development,1975.87,2024-01
28,DAL,2024-01-01,6050,Professional Insurance,812.59,2024-01
29,DAL,2024-01-01,6060,Software & IT,1140.97,2024-01
30,DAL,2024-01-01,7000,Depreciation Expense,606.26,2024-01
31,CHI,2024-01-01,6070,Shared Services Allocation (Intercompany),3224.0,2024-01
32,DAL,2024-01-01,6070,Shared Services Allocation (Intercompany),2860.0,2024-01
33,MIA,2024-02-01,4010,Litigation Fees,41983.63,2024-02
34,MIA,2024-02-01,4020,Corporate & Transactional Fees,33795.94,2024-02
35,MIA,2024-02-01,4030,Family Law Fees,24886.53,2024-02
36,MIA,2024-02-01,6010,Attorney & Staff Payroll,40342.31,2024-02
37,MIA,2024-02-01,6020,Payroll Taxes & Benefits,5700.81,2024-02
38,MIA,2024-02-01,6030,Office Rent,6776.43,2024-02
39,MIA,2024-02-01,6040,Marketing & Business Development,3027.23,2024-02
40,MIA,2024-02-01,6050,Professional Insurance,1434.5,2024-02
41,MIA,2024-02-01,6060,Software & IT,2036.37,2024-02
42,MIA,2024-02-01,7000,Depreciation Expense,1090.23,2024-02
43,CHI,2024-02-01,4010,Litigation Fees,24365.46,2024-02
44,CHI,2024-02-01,4020,Corporate & Transactional Fees,19154.88,2024-02
45,CHI,2024-02-01,4030,Family Law Fees,14270.17,2024-02
46,CHI,2024-02-01,6010,Attorney & Staff Payroll,26158.06,2024-02
47,CHI,2024-02-01,6020,Payroll Taxes & Benefits,3610.16,2024-02
48,CHI,2024-02-01,6030,Office Rent,4255.58,2024-02
49,CHI,2024-02-01,6040,Marketing & Business Development,1859.52,2024-02
50,CHI,2024-02-01,6050,Professional Insurance,907.24,2024-02
51,CHI,2024-02-01,6060,Software & IT,1270.76,2024-02
52,CHI,2024-02-01,7000,Depreciation Expense,678.71,2024-02
53,DAL,2024-02-01,4010,Litigation Fees,23894.07,2024-02
54,DAL,2024-02-01,4020,Corporate & Transactional Fees,18617.05,2024-02
55,DAL,2024-02-01,4030,Family Law Fees,14286.5,2024-02
56,DAL,2024-02-01,6010,Attorney & Staff Payroll,23021.42,2024-02
57,DAL,2024-02-01,6020,Payroll Taxes & Benefits,3135.62,2024-02
58,DAL,2024-02-01,6030,Office Rent,3688.35,2024-02
59,DAL,2024-02-01,6040,Marketing & Business Development,1858.23,2024-02
60,DAL,2024-02-01,6050,Professional Insurance,790.09,2024-02
61,DAL,2024-02-01,6060,Software & IT,1132.83,2024-02
62,DAL,2024-02-01,7000,Depreciation Expense,615.72,2024-02
63,CHI,2024-02-01,6070,Shared Services Allocation (Intercompany),3256.24,2024-02
64,DAL,2024-02-01,6070,Shared Services Allocation (Intercompany),2888.6,2024-02
65,MIA,2024-03-01,4010,Litigation Fees,41573.15,2024-03
66,MIA,2024-03-01,4020,Corporate & Transactional Fees,33822.3,2024-03
67,MIA,2024-03-01,4030,Family Law Fees,24954.28,2024-03
68,MIA,2024-03-01,6010,Attorney & Staff Payroll,41687.7,2024-03
69,MIA,2024-03-01,6020,Payroll Taxes & Benefits,5779.27,2024-03
70,MIA,2024-03-01,6030,Office Rent,6798.39,2024-03
71,MIA,2024-03-01,6040,Marketing & Business Development,3561.34,2024-03
72,MIA,2024-03-01,6050,Professional Insurance,1436.24,2024-03
73,MIA,2024-03-01,6060,Software & IT,2160.12,2024-03
74,MIA,2024-03-01,7000,Depreciation Expense,1117.5,2024-03
75,CHI,2024-03-01,4010,Litigation Fees,23069.26,2024-03
76,CHI,2024-03-01,4020,Corporate & Transactional Fees,19607.66,2024-03
77,CHI,2024-03-01,4030,Family Law Fees,14150.32,2024-03
78,CHI,2024-03-01,6010,Attorney & Staff Payroll,25310.5,2024-03
79,CHI,2024-03-01,6020,Payroll Taxes & Benefits,3554.86,2024-03
80,CHI,2024-03-01,6030,Office Rent,4279.87,2024-03
81,CHI,2024-03-01,6040,Marketing & Business Development,2131.67,2024-03
82,CHI,2024-03-01,6050,Professional Insurance,896.2,2024-03
83,CHI,2024-03-01,6060,Software & IT,1270.07,2024-03
84,CHI,2024-03-01,7000,Depreciation Expense,678.77,2024-03
85,DAL,2024-03-01,4010,Litigation Fees,23938.73,2024-03
86,DAL,2024-03-01,4020,Corporate & Transactional Fees,19654.75,2024-03
87,DAL,2024-03-01,4030,Family Law Fees,14730.06,2024-03
88,DAL,2024-03-01,6010,Attorney & Staff Payroll,23230.58,2024-03
89,DAL,2024-03-01,6020,Payroll Taxes & Benefits,3245.98,2024-03
90,DAL,2024-03-01,6030,Office Rent,3782.99,2024-03
91,DAL,2024-03-01,6040,Marketing & Business Development,1831.91,2024-03
92,DAL,2024-03-01,6050,Professional Insurance,802.0,2024-03
93,DAL,2024-03-01,6060,Software & IT,1132.34,2024-03
94,DAL,2024-03-01,7000,Depreciation Expense,603.42,2024-03
95,CHI,2024-03-01,6070,Shared Services Allocation (Intercompany),3288.48,2024-03
96,DAL,2024-03-01,6070,Shared Services Allocation (Intercompany),2917.2,2024-03
97,MIA,2024-04-01,4010,Litigation Fees,41039.67,2024-04
98,MIA,2024-04-01,4020,Corporate & Transactional Fees,32000.28,2024-04
99,MIA,2024-04-01,4030,Family Law Fees,22783.53,2024-04
100,MIA,2024-04-01,6010,Attorney & Staff Payroll,41581.14,2024-04
101,MIA,2024-04-01,6020,Payroll Taxes & Benefits,6039.59,2024-04
102,MIA,2024-04-01,6030,Office Rent,7004.29,2024-04
103,MIA,2024-04-01,6040,Marketing & Business Development,3005.96,2024-04
104,MIA,2024-04-01,6050,Professional Insurance,1458.06,2024-04
105,MIA,2024-04-01,6060,Software & IT,2186.57,2024-04
106,MIA,2024-04-01,7000,Depreciation Expense,1084.72,2024-04
107,CHI,2024-04-01,4010,Litigation Fees,26075.15,2024-04
108,CHI,2024-04-01,4020,Corporate & Transactional Fees,20985.78,2024-04
109,CHI,2024-04-01,4030,Family Law Fees,15506.68,2024-04
110,CHI,2024-04-01,6010,Attorney & Staff Payroll,25971.9,2024-04
111,CHI,2024-04-01,6020,Payroll Taxes & Benefits,3579.9,2024-04
112,CHI,2024-04-01,6030,Office Rent,4352.69,2024-04
113,CHI,2024-04-01,6040,Marketing & Business Development,2359.11,2024-04
114,CHI,2024-04-01,6050,Professional Insurance,910.93,2024-04
115,CHI,2024-04-01,6060,Software & IT,1315.25,2024-04
116,CHI,2024-04-01,7000,Depreciation Expense,669.94,2024-04
117,DAL,2024-04-01,4010,Litigation Fees,24662.59,2024-04
118,DAL,2024-04-01,4020,Corporate & Transactional Fees,17748.97,2024-04
119,DAL,2024-04-01,4030,Family Law Fees,14019.73,2024-04
120,DAL,2024-04-01,6010,Attorney & Staff Payroll,23549.4,2024-04
121,DAL,2024-04-01,6020,Payroll Taxes & Benefits,3297.77,2024-04
122,DAL,2024-04-01,6030,Office Rent,3739.67,2024-04
123,DAL,2024-04-01,6040,Marketing & Business Development,1909.7,2024-04
124,DAL,2024-04-01,6050,Professional Insurance,799.09,2024-04
125,DAL,2024-04-01,6060,Software & IT,1161.7,2024-04
126,DAL,2024-04-01,7000,Depreciation Expense,614.01,2024-04
127,CHI,2024-04-01,6070,Shared Services Allocation (Intercompany),3320.72,2024-04
128,DAL,2024-04-01,6070,Shared Services Allocation (Intercompany),2945.8,2024-04
129,MIA,2024-05-01,4010,Litigation Fees,38251.62,2024-05
130,MIA,2024-05-01,4020,Corporate & Transactional Fees,31089.65,2024-05
131,MIA,2024-05-01,4030,Family Law Fees,24009.1,2024-05
132,MIA,2024-05-01,6010,Attorney & Staff Payroll,42348.65,2024-05
133,MIA,2024-05-01,6020,Payroll Taxes & Benefits,6134.37,2024-05
134,MIA,2024-05-01,6030,Office Rent,6977.58,2024-05
135,MIA,2024-05-01,6040,Marketing & Business Development,3118.88,2024-05
136,MIA,2024-05-01,6050,Professional Insurance,1451.02,2024-05
137,MIA,2024-05-01,6060,Software & IT,2101.23,2024-05
138,MIA,2024-05-01,7000,Depreciation Expense,1087.89,2024-05
139,CHI,2024-05-01,4010,Litigation Fees,24190.22,2024-05
140,CHI,2024-05-01,4020,Corporate & Transactional Fees,18318.11,2024-05
141,CHI,2024-05-01,4030,Family Law Fees,13862.95,2024-05
142,CHI,2024-05-01,6010,Attorney & Staff Payroll,26681.59,2024-05
143,CHI,2024-05-01,6020,Payroll Taxes & Benefits,3660.42,2024-05
144,CHI,2024-05-01,6030,Office Rent,4370.06,2024-05
145,CHI,2024-05-01,6040,Marketing & Business Development,2141.74,2024-05
146,CHI,2024-05-01,6050,Professional Insurance,883.57,2024-05
147,CHI,2024-05-01,6060,Software & IT,1318.6,2024-05
148,CHI,2024-05-01,7000,Depreciation Expense,686.61,2024-05
149,DAL,2024-05-01,4010,Litigation Fees,19897.1,2024-05
150,DAL,2024-05-01,4020,Corporate & Transactional Fees,16964.69,2024-05
151,DAL,2024-05-01,4030,Family Law Fees,12394.4,2024-05
152,DAL,2024-05-01,6010,Attorney & Staff Payroll,23850.55,2024-05
153,DAL,2024-05-01,6020,Payroll Taxes & Benefits,3342.87,2024-05
154,DAL,2024-05-01,6030,Office Rent,3767.56,2024-05
155,DAL,2024-05-01,6040,Marketing & Business Development,1465.38,2024-05
156,DAL,2024-05-01,6050,Professional Insurance,795.3,2024-05
157,DAL,2024-05-01,6060,Software & IT,1192.02,2024-05
158,DAL,2024-05-01,7000,Depreciation Expense,604.2,2024-05
159,CHI,2024-05-01,6070,Shared Services Allocation (Intercompany),3352.96,2024-05
160,DAL,2024-05-01,6070,Shared Services Allocation (Intercompany),2974.4,2024-05
161,MIA,2024-06-01,4010,Litigation Fees,43316.47,2024-06
162,MIA,2024-06-01,4020,Corporate & Transactional Fees,35094.98,2024-06
163,MIA,2024-06-01,4030,Family Law Fees,24297.23,2024-06
164,MIA,2024-06-01,6010,Attorney & Staff Payroll,42893.5,2024-06
165,MIA,2024-06-01,6020,Payroll Taxes & Benefits,6164.01,2024-06
166,MIA,2024-06-01,6030,Office Rent,6899.93,2024-06
167,MIA,2024-06-01,6040,Marketing & Business Development,3077.91,2024-06
168,MIA,2024-06-01,6050,Professional Insurance,1447.02,2024-06
169,MIA,2024-06-01,6060,Software & IT,2187.77,2024-06
170,MIA,2024-06-01,7000,Depreciation Expense,1090.26,2024-06
171,CHI,2024-06-01,4010,Litigation Fees,24791.82,2024-06
172,CHI,2024-06-01,4020,Corporate & Transactional Fees,18564.44,2024-06
173,CHI,2024-06-01,4030,Family Law Fees,14667.65,2024-06
174,CHI,2024-06-01,6010,Attorney & Staff Payroll,26205.0,2024-06
175,CHI,2024-06-01,6020,Payroll Taxes & Benefits,3847.64,2024-06
176,CHI,2024-06-01,6030,Office Rent,4379.48,2024-06
177,CHI,2024-06-01,6040,Marketing & Business Development,2161.21,2024-06
178,CHI,2024-06-01,6050,Professional Insurance,914.33,2024-06
179,CHI,2024-06-01,6060,Software & IT,1414.77,2024-06
180,CHI,2024-06-01,7000,Depreciation Expense,672.9,2024-06
181,DAL,2024-06-01,4010,Litigation Fees,21578.35,2024-06
182,DAL,2024-06-01,4020,Corporate & Transactional Fees,17288.19,2024-06
183,DAL,2024-06-01,4030,Family Law Fees,12634.84,2024-06
184,DAL,2024-06-01,6010,Attorney & Staff Payroll,24363.5,2024-06
185,DAL,2024-06-01,6020,Payroll Taxes & Benefits,3290.4,2024-06
186,DAL,2024-06-01,6030,Office Rent,3877.06,2024-06
187,DAL,2024-06-01,6040,Marketing & Business Development,1748.12,2024-06
188,DAL,2024-06-01,6050,Professional Insurance,795.04,2024-06
189,DAL,2024-06-01,6060,Software & IT,1268.21,2024-06
190,DAL,2024-06-01,7000,Depreciation Expense,616.99,2024-06
191,CHI,2024-06-01,6070,Shared Services Allocation (Intercompany),3385.2,2024-06
192,DAL,2024-06-01,6070,Shared Services Allocation (Intercompany),3003.0,2024-06
193,MIA,2024-07-01,4010,Litigation Fees,42422.46,2024-07
194,MIA,2024-07-01,4020,Corporate & Transactional Fees,31456.76,2024-07
195,MIA,2024-07-01,4030,Family Law Fees,24188.56,2024-07
196,MIA,2024-07-01,6010,Attorney & Staff Payroll,43906.25,2024-07
197,MIA,2024-07-01,6020,Payroll Taxes & Benefits,6135.5,2024-07
198,MIA,2024-07-01,6030,Office Rent,7073.47,2024-07
199,MIA,2024-07-01,6040,Marketing & Business Development,2836.67,2024-07
200,MIA,2024-07-01,6050,Professional Insurance,1454.88,2024-07
201,MIA,2024-07-01,6060,Software & IT,2226.63,2024-07
202,MIA,2024-07-01,7000,Depreciation Expense,1115.52,2024-07
203,CHI,2024-07-01,4010,Litigation Fees,24628.96,2024-07
204,CHI,2024-07-01,4020,Corporate & Transactional Fees,17690.43,2024-07
205,CHI,2024-07-01,4030,Family Law Fees,13552.88,2024-07
206,CHI,2024-07-01,6010,Attorney & Staff Payroll,27352.72,2024-07
207,CHI,2024-07-01,6020,Payroll Taxes & Benefits,3745.44,2024-07
208,CHI,2024-07-01,6030,Office Rent,4276.45,2024-07
209,CHI,2024-07-01,6040,Marketing & Business Development,2071.44,2024-07
210,CHI,2024-07-01,6050,Professional Insurance,889.87,2024-07
211,CHI,2024-07-01,6060,Software & IT,1393.16,2024-07
212,CHI,2024-07-01,7000,Depreciation Expense,685.26,2024-07
213,DAL,2024-07-01,4010,Litigation Fees,22342.15,2024-07
214,DAL,2024-07-01,4020,Corporate & Transactional Fees,17446.4,2024-07
215,DAL,2024-07-01,4030,Family Law Fees,13771.24,2024-07
216,DAL,2024-07-01,6010,Attorney & Staff Payroll,24314.04,2024-07
217,DAL,2024-07-01,6020,Payroll Taxes & Benefits,3323.16,2024-07
218,DAL,2024-07-01,6030,Office Rent,3836.14,2024-07
219,DAL,2024-07-01,6040,Marketing & Business Development,1836.27,2024-07
220,DAL,2024-07-01,6050,Professional Insurance,791.12,2024-07
221,DAL,2024-07-01,6060,Software & IT,1201.79,2024-07
222,DAL,2024-07-01,7000,Depreciation Expense,611.1,2024-07
223,CHI,2024-07-01,6070,Shared Services Allocation (Intercompany),3417.44,2024-07
224,DAL,2024-07-01,6070,Shared Services Allocation (Intercompany),3031.6,2024-07
225,MIA,2024-08-01,4010,Litigation Fees,37438.31,2024-08
226,MIA,2024-08-01,4020,Corporate & Transactional Fees,31044.12,2024-08
227,MIA,2024-08-01,4030,Family Law Fees,23512.89,2024-08
228,MIA,2024-08-01,6010,Attorney & Staff Payroll,43584.35,2024-08
229,MIA,2024-08-01,6020,Payroll Taxes & Benefits,6118.0,2024-08
230,MIA,2024-08-01,6030,Office Rent,7159.97,2024-08
231,MIA,2024-08-01,6040,Marketing & Business Development,3265.97,2024-08
232,MIA,2024-08-01,6050,Professional Insurance,1472.0,2024-08
233,MIA,2024-08-01,6060,Software & IT,2217.68,2024-08
234,MIA,2024-08-01,7000,Depreciation Expense,1084.94,2024-08
235,CHI,2024-08-01,4010,Litigation Fees,28145.58,2024-08
236,CHI,2024-08-01,4020,Corporate & Transactional Fees,21911.31,2024-08
237,CHI,2024-08-01,4030,Family Law Fees,17228.43,2024-08
238,CHI,2024-08-01,6010,Attorney & Staff Payroll,26739.4,2024-08
239,CHI,2024-08-01,6020,Payroll Taxes & Benefits,3899.62,2024-08
240,CHI,2024-08-01,6030,Office Rent,4328.54,2024-08
241,CHI,2024-08-01,6040,Marketing & Business Development,2254.87,2024-08
242,CHI,2024-08-01,6050,Professional Insurance,914.78,2024-08
243,CHI,2024-08-01,6060,Software & IT,1342.19,2024-08
244,CHI,2024-08-01,7000,Depreciation Expense,671.51,2024-08
245,DAL,2024-08-01,4010,Litigation Fees,20963.65,2024-08
246,DAL,2024-08-01,4020,Corporate & Transactional Fees,16001.9,2024-08
247,DAL,2024-08-01,4030,Family Law Fees,12543.71,2024-08
248,DAL,2024-08-01,6010,Attorney & Staff Payroll,23959.71,2024-08
249,DAL,2024-08-01,6020,Payroll Taxes & Benefits,3428.05,2024-08
250,DAL,2024-08-01,6030,Office Rent,3834.36,2024-08
251,DAL,2024-08-01,6040,Marketing & Business Development,1619.85,2024-08
252,DAL,2024-08-01,6050,Professional Insurance,810.43,2024-08
253,DAL,2024-08-01,6060,Software & IT,1278.62,2024-08
254,DAL,2024-08-01,7000,Depreciation Expense,595.13,2024-08
255,CHI,2024-08-01,6070,Shared Services Allocation (Intercompany),3449.68,2024-08
256,DAL,2024-08-01,6070,Shared Services Allocation (Intercompany),3060.2,2024-08
257,MIA,2024-09-01,4010,Litigation Fees,40280.38,2024-09
258,MIA,2024-09-01,4020,Corporate & Transactional Fees,30746.22,2024-09
259,MIA,2024-09-01,4030,Family Law Fees,25214.31,2024-09
260,MIA,2024-09-01,6010,Attorney & Staff Payroll,44176.48,2024-09
261,MIA,2024-09-01,6020,Payroll Taxes & Benefits,6335.46,2024-09
262,MIA,2024-09-01,6030,Office Rent,7086.62,2024-09
263,MIA,2024-09-01,6040,Marketing & Business Development,3109.25,2024-09
264,MIA,2024-09-01,6050,Professional Insurance,1421.56,2024-09
265,MIA,2024-09-01,6060,Software & IT,2171.67,2024-09
266,MIA,2024-09-01,7000,Depreciation Expense,1116.86,2024-09
267,CHI,2024-09-01,4010,Litigation Fees,28406.99,2024-09
268,CHI,2024-09-01,4020,Corporate & Transactional Fees,22974.94,2024-09
269,CHI,2024-09-01,4030,Family Law Fees,16972.32,2024-09
270,CHI,2024-09-01,6010,Attorney & Staff Payroll,27202.04,2024-09
271,CHI,2024-09-01,6020,Payroll Taxes & Benefits,3843.54,2024-09
272,CHI,2024-09-01,6030,Office Rent,4454.62,2024-09
273,CHI,2024-09-01,6040,Marketing & Business Development,2373.83,2024-09
274,CHI,2024-09-01,6050,Professional Insurance,911.97,2024-09
275,CHI,2024-09-01,6060,Software & IT,1462.26,2024-09
276,CHI,2024-09-01,7000,Depreciation Expense,674.09,2024-09
277,DAL,2024-09-01,4010,Litigation Fees,20913.35,2024-09
278,DAL,2024-09-01,4020,Corporate & Transactional Fees,17615.58,2024-09
279,DAL,2024-09-01,4030,Family Law Fees,13482.85,2024-09
280,DAL,2024-09-01,6010,Attorney & Staff Payroll,24740.33,2024-09
281,DAL,2024-09-01,6020,Payroll Taxes & Benefits,3383.01,2024-09
282,DAL,2024-09-01,6030,Office Rent,3956.48,2024-09
283,DAL,2024-09-01,6040,Marketing & Business Development,1864.45,2024-09
284,DAL,2024-09-01,6050,Professional Insurance,812.69,2024-09
285,DAL,2024-09-01,6060,Software & IT,1286.17,2024-09
286,DAL,2024-09-01,7000,Depreciation Expense,614.23,2024-09
287,CHI,2024-09-01,6070,Shared Services Allocation (Intercompany),3481.92,2024-09
288,DAL,2024-09-01,6070,Shared Services Allocation (Intercompany),3088.8,2024-09
289,MIA,2024-10-01,4010,Litigation Fees,38907.01,2024-10
290,MIA,2024-10-01,4020,Corporate & Transactional Fees,29338.12,2024-10
291,MIA,2024-10-01,4030,Family Law Fees,23607.16,2024-10
292,MIA,2024-10-01,6010,Attorney & Staff Payroll,46027.8,2024-10
293,MIA,2024-10-01,6020,Payroll Taxes & Benefits,6426.94,2024-10
294,MIA,2024-10-01,6030,Office Rent,7039.72,2024-10
295,MIA,2024-10-01,6040,Marketing & Business Development,3147.25,2024-10
296,MIA,2024-10-01,6050,Professional Insurance,1427.27,2024-10
297,MIA,2024-10-01,6060,Software & IT,2374.19,2024-10
298,MIA,2024-10-01,7000,Depreciation Expense,1115.78,2024-10
299,CHI,2024-10-01,4010,Litigation Fees,25482.34,2024-10
300,CHI,2024-10-01,4020,Corporate & Transactional Fees,19316.71,2024-10
301,CHI,2024-10-01,4030,Family Law Fees,14401.3,2024-10
302,CHI,2024-10-01,6010,Attorney & Staff Payroll,27640.91,2024-10
303,CHI,2024-10-01,6020,Payroll Taxes & Benefits,3829.52,2024-10
304,CHI,2024-10-01,6030,Office Rent,4351.64,2024-10
305,CHI,2024-10-01,6040,Marketing & Business Development,1785.69,2024-10
306,CHI,2024-10-01,6050,Professional Insurance,912.1,2024-10
307,CHI,2024-10-01,6060,Software & IT,1485.44,2024-10
308,CHI,2024-10-01,7000,Depreciation Expense,675.97,2024-10
309,DAL,2024-10-01,4010,Litigation Fees,23779.36,2024-10
310,DAL,2024-10-01,4020,Corporate & Transactional Fees,19803.83,2024-10
311,DAL,2024-10-01,4030,Family Law Fees,14353.63,2024-10
312,DAL,2024-10-01,6010,Attorney & Staff Payroll,24379.93,2024-10
313,DAL,2024-10-01,6020,Payroll Taxes & Benefits,3562.74,2024-10
314,DAL,2024-10-01,6030,Office Rent,3858.05,2024-10
315,DAL,2024-10-01,6040,Marketing & Business Development,2086.64,2024-10
316,DAL,2024-10-01,6050,Professional Insurance,790.02,2024-10
317,DAL,2024-10-01,6060,Software & IT,1209.65,2024-10
318,DAL,2024-10-01,7000,Depreciation Expense,603.42,2024-10
319,CHI,2024-10-01,6070,Shared Services Allocation (Intercompany),3514.16,2024-10
320,DAL,2024-10-01,6070,Shared Services Allocation (Intercompany),3117.4,2024-10
321,MIA,2024-11-01,4010,Litigation Fees,44112.86,2024-11
322,MIA,2024-11-01,4020,Corporate & Transactional Fees,35714.77,2024-11
323,MIA,2024-11-01,4030,Family Law Fees,26797.75,2024-11
324,MIA,2024-11-01,6010,Attorney & Staff Payroll,45866.25,2024-11
325,MIA,2024-11-01,6020,Payroll Taxes & Benefits,6317.81,2024-11
326,MIA,2024-11-01,6030,Office Rent,7199.63,2024-11
327,MIA,2024-11-01,6040,Marketing & Business Development,2885.69,2024-11
328,MIA,2024-11-01,6050,Professional Insurance,1474.68,2024-11
329,MIA,2024-11-01,6060,Software & IT,2318.88,2024-11
330,MIA,2024-11-01,7000,Depreciation Expense,1109.65,2024-11
331,CHI,2024-11-01,4010,Litigation Fees,28444.36,2024-11
332,CHI,2024-11-01,4020,Corporate & Transactional Fees,21662.33,2024-11
333,CHI,2024-11-01,4030,Family Law Fees,15911.19,2024-11
334,CHI,2024-11-01,6010,Attorney & Staff Payroll,28086.33,2024-11
335,CHI,2024-11-01,6020,Payroll Taxes & Benefits,3928.85,2024-11
336,CHI,2024-11-01,6030,Office Rent,4488.42,2024-11
337,CHI,2024-11-01,6040,Marketing & Business Development,2248.52,2024-11
338,CHI,2024-11-01,6050,Professional Insurance,891.82,2024-11
339,CHI,2024-11-01,6060,Software & IT,1404.89,2024-11
340,CHI,2024-11-01,7000,Depreciation Expense,679.5,2024-11
341,DAL,2024-11-01,4010,Litigation Fees,22577.79,2024-11
342,DAL,2024-11-01,4020,Corporate & Transactional Fees,17428.42,2024-11
343,DAL,2024-11-01,4030,Family Law Fees,13613.94,2024-11
344,DAL,2024-11-01,6010,Attorney & Staff Payroll,25353.64,2024-11
345,DAL,2024-11-01,6020,Payroll Taxes & Benefits,3589.37,2024-11
346,DAL,2024-11-01,6030,Office Rent,3945.15,2024-11
347,DAL,2024-11-01,6040,Marketing & Business Development,1635.92,2024-11
348,DAL,2024-11-01,6050,Professional Insurance,799.03,2024-11
349,DAL,2024-11-01,6060,Software & IT,1207.03,2024-11
350,DAL,2024-11-01,7000,Depreciation Expense,599.84,2024-11
351,CHI,2024-11-01,6070,Shared Services Allocation (Intercompany),3546.4,2024-11
352,DAL,2024-11-01,6070,Shared Services Allocation (Intercompany),3146.0,2024-11
353,MIA,2024-12-01,4010,Litigation Fees,42981.11,2024-12
354,MIA,2024-12-01,4020,Corporate & Transactional Fees,34026.27,2024-12
355,MIA,2024-12-01,4030,Family Law Fees,25286.2,2024-12
356,MIA,2024-12-01,6010,Attorney & Staff Payroll,45515.56,2024-12
357,MIA,2024-12-01,6020,Payroll Taxes & Benefits,6456.48,2024-12
358,MIA,2024-12-01,6030,Office Rent,7289.12,2024-12
359,MIA,2024-12-01,6040,Marketing & Business Development,3465.28,2024-12
360,MIA,2024-12-01,6050,Professional Insurance,1430.84,2024-12
361,MIA,2024-12-01,6060,Software & IT,2234.22,2024-12
362,MIA,2024-12-01,7000,Depreciation Expense,1100.68,2024-12
363,CHI,2024-12-01,4010,Litigation Fees,27155.28,2024-12
364,CHI,2024-12-01,4020,Corporate & Transactional Fees,22406.37,2024-12
365,CHI,2024-12-01,4030,Family Law Fees,16861.65,2024-12
366,CHI,2024-12-01,6010,Attorney & Staff Payroll,28235.38,2024-12
367,CHI,2024-12-01,6020,Payroll Taxes & Benefits,3947.81,2024-12
368,CHI,2024-12-01,6030,Office Rent,4363.27,2024-12
369,CHI,2024-12-01,6040,Marketing & Business Development,1904.04,2024-12
370,CHI,2024-12-01,6050,Professional Insurance,898.11,2024-12
371,CHI,2024-12-01,6060,Software & IT,1495.76,2024-12
372,CHI,2024-12-01,7000,Depreciation Expense,670.35,2024-12
373,DAL,2024-12-01,4010,Litigation Fees,23677.54,2024-12
374,DAL,2024-12-01,4020,Corporate & Transactional Fees,17788.17,2024-12
375,DAL,2024-12-01,4030,Family Law Fees,14188.29,2024-12
376,DAL,2024-12-01,6010,Attorney & Staff Payroll,25072.21,2024-12
377,DAL,2024-12-01,6020,Payroll Taxes & Benefits,3583.74,2024-12
378,DAL,2024-12-01,6030,Office Rent,3867.66,2024-12
379,DAL,2024-12-01,6040,Marketing & Business Development,1875.81,2024-12
380,DAL,2024-12-01,6050,Professional Insurance,806.11,2024-12
381,DAL,2024-12-01,6060,Software & IT,1231.61,2024-12
382,DAL,2024-12-01,7000,Depreciation Expense,603.19,2024-12
383,CHI,2024-12-01,6070,Shared Services Allocation (Intercompany),3578.64,2024-12
384,DAL,2024-12-01,6070,Shared Services Allocation (Intercompany),3174.6,2024-12
385,MIA,2025-01-01,4010,Litigation Fees,42564.64,2025-01
386,MIA,2025-01-01,4020,Corporate & Transactional Fees,32009.1,2025-01
387,MIA,2025-01-01,4030,Family Law Fees,23094.05,2025-01
388,MIA,2025-01-01,6010,Attorney & Staff Payroll,47486.4,2025-01
389,MIA,2025-01-01,6020,Payroll Taxes & Benefits,6519.43,2025-01
390,MIA,2025-01-01,6030,Office Rent,7294.9,2025-01
391,MIA,2025-01-01,6040,Marketing & Business Development,3154.83,2025-01
392,MIA,2025-01-01,6050,Professional Insurance,1478.3,2025-01
393,MIA,2025-01-01,6060,Software & IT,2374.45,2025-01
394,MIA,2025-01-01,7000,Depreciation Expense,1119.8,2025-01
395,CHI,2025-01-01,4010,Litigation Fees,29778.33,2025-01
396,CHI,2025-01-01,4020,Corporate & Transactional Fees,23648.92,2025-01
397,CHI,2025-01-01,4030,Family Law Fees,17532.3,2025-01
398,CHI,2025-01-01,6010,Attorney & Staff Payroll,29004.68,2025-01
399,CHI,2025-01-01,6020,Payroll Taxes & Benefits,4131.77,2025-01
400,CHI,2025-01-01,6030,Office Rent,4512.52,2025-01
401,CHI,2025-01-01,6040,Marketing & Business Development,2158.17,2025-01
402,CHI,2025-01-01,6050,Professional Insurance,890.34,2025-01
403,CHI,2025-01-01,6060,Software & IT,1421.38,2025-01
404,CHI,2025-01-01,7000,Depreciation Expense,685.76,2025-01
405,DAL,2025-01-01,4010,Litigation Fees,25512.96,2025-01
406,DAL,2025-01-01,4020,Corporate & Transactional Fees,20261.12,2025-01
407,DAL,2025-01-01,4030,Family Law Fees,14804.82,2025-01
408,DAL,2025-01-01,6010,Attorney & Staff Payroll,25391.83,2025-01
409,DAL,2025-01-01,6020,Payroll Taxes & Benefits,3552.33,2025-01
410,DAL,2025-01-01,6030,Office Rent,3935.81,2025-01
411,DAL,2025-01-01,6040,Marketing & Business Development,1903.17,2025-01
412,DAL,2025-01-01,6050,Professional Insurance,785.96,2025-01
413,DAL,2025-01-01,6060,Software & IT,1258.84,2025-01
414,DAL,2025-01-01,7000,Depreciation Expense,609.69,2025-01
415,CHI,2025-01-01,6070,Shared Services Allocation (Intercompany),3610.88,2025-01
416,DAL,2025-01-01,6070,Shared Services Allocation (Intercompany),3203.2,2025-01
417,MIA,2025-02-01,4010,Litigation Fees,44145.77,2025-02
418,MIA,2025-02-01,4020,Corporate & Transactional Fees,35957.84,2025-02
419,MIA,2025-02-01,4030,Family Law Fees,27619.65,2025-02
420,MIA,2025-02-01,6010,Attorney & Staff Payroll,46464.28,2025-02
421,MIA,2025-02-01,6020,Payroll Taxes & Benefits,6575.77,2025-02
422,MIA,2025-02-01,6030,Office Rent,7359.27,2025-02
423,MIA,2025-02-01,6040,Marketing & Business Development,3462.51,2025-02
424,MIA,2025-02-01,6050,Professional Insurance,1461.34,2025-02
425,MIA,2025-02-01,6060,Software & IT,2457.65,2025-02
426,MIA,2025-02-01,7000,Depreciation Expense,1111.69,2025-02
427,CHI,2025-02-01,4010,Litigation Fees,25351.31,2025-02
428,CHI,2025-02-01,4020,Corporate & Transactional Fees,20659.19,2025-02
429,CHI,2025-02-01,4030,Family Law Fees,16302.3,2025-02
430,CHI,2025-02-01,6010,Attorney & Staff Payroll,29904.81,2025-02
431,CHI,2025-02-01,6020,Payroll Taxes & Benefits,4076.74,2025-02
432,CHI,2025-02-01,6030,Office Rent,4534.49,2025-02
433,CHI,2025-02-01,6040,Marketing & Business Development,1978.64,2025-02
434,CHI,2025-02-01,6050,Professional Insurance,902.71,2025-02
435,CHI,2025-02-01,6060,Software & IT,1430.14,2025-02
436,CHI,2025-02-01,7000,Depreciation Expense,674.35,2025-02
437,DAL,2025-02-01,4010,Litigation Fees,22824.57,2025-02
438,DAL,2025-02-01,4020,Corporate & Transactional Fees,18523.96,2025-02
439,DAL,2025-02-01,4030,Family Law Fees,14532.83,2025-02
440,DAL,2025-02-01,6010,Attorney & Staff Payroll,25500.88,2025-02
441,DAL,2025-02-01,6020,Payroll Taxes & Benefits,3625.29,2025-02
442,DAL,2025-02-01,6030,Office Rent,3923.77,2025-02
443,DAL,2025-02-01,6040,Marketing & Business Development,1817.05,2025-02
444,DAL,2025-02-01,6050,Professional Insurance,782.41,2025-02
445,DAL,2025-02-01,6060,Software & IT,1291.32,2025-02
446,DAL,2025-02-01,7000,Depreciation Expense,606.56,2025-02
447,CHI,2025-02-01,6070,Shared Services Allocation (Intercompany),3643.12,2025-02
448,DAL,2025-02-01,6070,Shared Services Allocation (Intercompany),3231.8,2025-02
449,MIA,2025-03-01,4010,Litigation Fees,40653.38,2025-03
450,MIA,2025-03-01,4020,Corporate & Transactional Fees,30313.0,2025-03
451,MIA,2025-03-01,4030,Family Law Fees,23757.81,2025-03
452,MIA,2025-03-01,6010,Attorney & Staff Payroll,47359.09,2025-03
453,MIA,2025-03-01,6020,Payroll Taxes & Benefits,6574.14,2025-03
454,MIA,2025-03-01,6030,Office Rent,7225.61,2025-03
455,MIA,2025-03-01,6040,Marketing & Business Development,3126.28,2025-03
456,MIA,2025-03-01,6050,Professional Insurance,1442.99,2025-03
457,MIA,2025-03-01,6060,Software & IT,2454.33,2025-03
458,MIA,2025-03-01,7000,Depreciation Expense,1114.6,2025-03
459,CHI,2025-03-01,4010,Litigation Fees,25083.8,2025-03
460,CHI,2025-03-01,4020,Corporate & Transactional Fees,19577.36,2025-03
461,CHI,2025-03-01,4030,Family Law Fees,15658.93,2025-03
462,CHI,2025-03-01,6010,Attorney & Staff Payroll,29319.37,2025-03
463,CHI,2025-03-01,6020,Payroll Taxes & Benefits,4167.1,2025-03
464,CHI,2025-03-01,6030,Office Rent,4561.87,2025-03
465,CHI,2025-03-01,6040,Marketing & Business Development,1982.01,2025-03
466,CHI,2025-03-01,6050,Professional Insurance,908.14,2025-03
467,CHI,2025-03-01,6060,Software & IT,1551.01,2025-03
468,CHI,2025-03-01,7000,Depreciation Expense,673.8,2025-03
469,DAL,2025-03-01,4010,Litigation Fees,21221.91,2025-03
470,DAL,2025-03-01,4020,Corporate & Transactional Fees,16628.21,2025-03
471,DAL,2025-03-01,4030,Family Law Fees,13323.12,2025-03
472,DAL,2025-03-01,6010,Attorney & Staff Payroll,25835.29,2025-03
473,DAL,2025-03-01,6020,Payroll Taxes & Benefits,3705.72,2025-03
474,DAL,2025-03-01,6030,Office Rent,4044.52,2025-03
475,DAL,2025-03-01,6040,Marketing & Business Development,1433.24,2025-03
476,DAL,2025-03-01,6050,Professional Insurance,800.92,2025-03
477,DAL,2025-03-01,6060,Software & IT,1349.34,2025-03
478,DAL,2025-03-01,7000,Depreciation Expense,595.67,2025-03
479,CHI,2025-03-01,6070,Shared Services Allocation (Intercompany),3675.36,2025-03
480,DAL,2025-03-01,6070,Shared Services Allocation (Intercompany),3260.4,2025-03
481,MIA,2025-04-01,4010,Litigation Fees,50557.9,2025-04
482,MIA,2025-04-01,4020,Corporate & Transactional Fees,36408.97,2025-04
483,MIA,2025-04-01,4030,Family Law Fees,27340.92,2025-04
484,MIA,2025-04-01,6010,Attorney & Staff Payroll,48567.1,2025-04
485,MIA,2025-04-01,6020,Payroll Taxes & Benefits,6894.5,2025-04
486,MIA,2025-04-01,6030,Office Rent,7279.78,2025-04
487,MIA,2025-04-01,6040,Marketing & Business Development,3679.77,2025-04
488,MIA,2025-04-01,6050,Professional Insurance,1425.41,2025-04
489,MIA,2025-04-01,6060,Software & IT,2461.03,2025-04
490,MIA,2025-04-01,7000,Depreciation Expense,1105.6,2025-04
491,CHI,2025-04-01,4010,Litigation Fees,26264.86,2025-04
492,CHI,2025-04-01,4020,Corporate & Transactional Fees,20796.1,2025-04
493,CHI,2025-04-01,4030,Family Law Fees,15366.78,2025-04
494,CHI,2025-04-01,6010,Attorney & Staff Payroll,30571.28,2025-04
495,CHI,2025-04-01,6020,Payroll Taxes & Benefits,4237.73,2025-04
496,CHI,2025-04-01,6030,Office Rent,4504.5,2025-04
497,CHI,2025-04-01,6040,Marketing & Business Development,1790.76,2025-04
498,CHI,2025-04-01,6050,Professional Insurance,894.35,2025-04
499,CHI,2025-04-01,6060,Software & IT,1498.19,2025-04
500,CHI,2025-04-01,7000,Depreciation Expense,677.67,2025-04
501,DAL,2025-04-01,4010,Litigation Fees,27590.18,2025-04
502,DAL,2025-04-01,4020,Corporate & Transactional Fees,20142.92,2025-04
503,DAL,2025-04-01,4030,Family Law Fees,16647.36,2025-04
504,DAL,2025-04-01,6010,Attorney & Staff Payroll,26913.28,2025-04
505,DAL,2025-04-01,6020,Payroll Taxes & Benefits,3745.25,2025-04
506,DAL,2025-04-01,6030,Office Rent,4010.13,2025-04
507,DAL,2025-04-01,6040,Marketing & Business Development,2047.13,2025-04
508,DAL,2025-04-01,6050,Professional Insurance,812.35,2025-04
509,DAL,2025-04-01,6060,Software & IT,1297.71,2025-04
510,DAL,2025-04-01,7000,Depreciation Expense,612.46,2025-04
511,CHI,2025-04-01,6070,Shared Services Allocation (Intercompany),3707.6,2025-04
512,DAL,2025-04-01,6070,Shared Services Allocation (Intercompany),3289.0,2025-04
513,MIA,2025-05-01,4010,Litigation Fees,45890.74,2025-05
514,MIA,2025-05-01,4020,Corporate & Transactional Fees,35880.39,2025-05
515,MIA,2025-05-01,4030,Family Law Fees,28007.03,2025-05
516,MIA,2025-05-01,6010,Attorney & Staff Payroll,49487.09,2025-05
517,MIA,2025-05-01,6020,Payroll Taxes & Benefits,6921.01,2025-05
518,MIA,2025-05-01,6030,Office Rent,7222.58,2025-05
519,MIA,2025-05-01,6040,Marketing & Business Development,3631.98,2025-05
520,MIA,2025-05-01,6050,Professional Insurance,1435.14,2025-05
521,MIA,2025-05-01,6060,Software & IT,2427.4,2025-05
522,MIA,2025-05-01,7000,Depreciation Expense,1104.85,2025-05
523,CHI,2025-05-01,4010,Litigation Fees,26196.7,2025-05
524,CHI,2025-05-01,4020,Corporate & Transactional Fees,22397.37,2025-05
525,CHI,2025-05-01,4030,Family Law Fees,15849.25,2025-05
526,CHI,2025-05-01,6010,Attorney & Staff Payroll,30600.36,2025-05
527,CHI,2025-05-01,6020,Payroll Taxes & Benefits,4187.01,2025-05
528,CHI,2025-05-01,6030,Office Rent,4622.55,2025-05
529,CHI,2025-05-01,6040,Marketing & Business Development,2068.77,2025-05
530,CHI,2025-05-01,6050,Professional Insurance,890.95,2025-05
531,CHI,2025-05-01,6060,Software & IT,1436.34,2025-05
532,CHI,2025-05-01,7000,Depreciation Expense,694.22,2025-05
533,DAL,2025-05-01,4010,Litigation Fees,23323.01,2025-05
534,DAL,2025-05-01,4020,Corporate & Transactional Fees,17901.84,2025-05
535,DAL,2025-05-01,4030,Family Law Fees,13935.52,2025-05
536,DAL,2025-05-01,6010,Attorney & Staff Payroll,26941.29,2025-05
537,DAL,2025-05-01,6020,Payroll Taxes & Benefits,3742.6,2025-05
538,DAL,2025-05-01,6030,Office Rent,4086.53,2025-05
539,DAL,2025-05-01,6040,Marketing & Business Development,1419.72,2025-05
540,DAL,2025-05-01,6050,Professional Insurance,788.62,2025-05
541,DAL,2025-05-01,6060,Software & IT,1365.5,2025-05
542,DAL,2025-05-01,7000,Depreciation Expense,600.31,2025-05
543,CHI,2025-05-01,6070,Shared Services Allocation (Intercompany),3739.84,2025-05
544,DAL,2025-05-01,6070,Shared Services Allocation (Intercompany),3317.6,2025-05
545,MIA,2025-06-01,4010,Litigation Fees,46738.17,2025-06
546,MIA,2025-06-01,4020,Corporate & Transactional Fees,36939.51,2025-06
547,MIA,2025-06-01,4030,Family Law Fees,27684.41,2025-06
548,MIA,2025-06-01,6010,Attorney & Staff Payroll,48699.54,2025-06
549,MIA,2025-06-01,6020,Payroll Taxes & Benefits,6946.5,2025-06
550,MIA,2025-06-01,6030,Office Rent,7310.39,2025-06
551,MIA,2025-06-01,6040,Marketing & Business Development,3044.1,2025-06
552,MIA,2025-06-01,6050,Professional Insurance,1428.0,2025-06
553,MIA,2025-06-01,6060,Software & IT,2381.47,2025-06
554,MIA,2025-06-01,7000,Depreciation Expense,1083.26,2025-06
555,CHI,2025-06-01,4010,Litigation Fees,29542.6,2025-06
556,CHI,2025-06-01,4020,Corporate & Transactional Fees,21880.89,2025-06
557,CHI,2025-06-01,4030,Family Law Fees,16631.01,2025-06
558,CHI,2025-06-01,6010,Attorney & Staff Payroll,30796.33,2025-06
559,CHI,2025-06-01,6020,Payroll Taxes & Benefits,4365.48,2025-06
560,CHI,2025-06-01,6030,Office Rent,4578.87,2025-06
561,CHI,2025-06-01,6040,Marketing & Business Development,1888.02,2025-06
562,CHI,2025-06-01,6050,Professional Insurance,884.63,2025-06
563,CHI,2025-06-01,6060,Software & IT,1476.74,2025-06
564,CHI,2025-06-01,7000,Depreciation Expense,674.57,2025-06
565,DAL,2025-06-01,4010,Litigation Fees,22390.08,2025-06
566,DAL,2025-06-01,4020,Corporate & Transactional Fees,18574.34,2025-06
567,DAL,2025-06-01,4030,Family Law Fees,13699.69,2025-06
568,DAL,2025-06-01,6010,Attorney & Staff Payroll,27086.88,2025-06
569,DAL,2025-06-01,6020,Payroll Taxes & Benefits,3819.54,2025-06
570,DAL,2025-06-01,6030,Office Rent,3997.24,2025-06
571,DAL,2025-06-01,6040,Marketing & Business Development,1836.25,2025-06
572,DAL,2025-06-01,6050,Professional Insurance,797.21,2025-06
573,DAL,2025-06-01,6060,Software & IT,1401.72,2025-06
574,DAL,2025-06-01,7000,Depreciation Expense,606.79,2025-06
575,CHI,2025-06-01,6070,Shared Services Allocation (Intercompany),3772.08,2025-06
576,DAL,2025-06-01,6070,Shared Services Allocation (Intercompany),3346.2,2025-06
